raceId,raceDate,raceName,courseId,venue,venueKey,surface,distance,grade,raceNumber,raceSegment,isSpecialRace,isFinalRace,isJumpRace,fieldSize,horseId,externalHorseId,horseName,jockey,runningStyle,gateNumber,horseNumber,finishPosition,finishGroup,isWinner,isTop3,popularity,popularityBand,odds,resultOdds,seedRealOdds,isPopularTop3,isLongshotHit,simRank,simScore,simWinProbPct,simWinProb,fairOdds,edge,placeRank,valueRank,winProb,placeProb,placeOdds,placeScore,valueScore,top3Stability,marketSupport,overbetRisk,placeReturnEdge,longshotBonus,officialImplied,tanRoi,fukuRoi,overbetLabel,scoreGap,selectionScoreGap,valueGap,simGap,isSimHonmei,isTanpukuHonmei,isOpponentCandidate,isWideCandidate,isAnyCandidate,candidateRole
202606020311,2026-03-06,中山牝馬Ｓ 出馬表,nakayama-turf-1800-202606020311,中山,nakayama,Turf,1800,G3,11,special,true,false,false,16,1,2022101250,クリノメイ,横山典,Sashi,1,1,15,4+,false,false,12,longshot,36.7,36.7,36.7,false,false,14,52.5,2.2,0.022000000000000002,45.5,-0.5,14,14,0.295,0.44,13.8,0.316,0.426,0.324,0.061,0,0.4,0.44,0.02724795640326975,1082.8,609,,0.281,,0.249,44.7,false,false,false,false,false,none
202606020311,2026-03-06,中山牝馬Ｓ 出馬表,nakayama-turf-1800-202606020311,中山,nakayama,Turf,1800,G3,11,special,true,false,false,16,2,2020103099,ビヨンドザヴァレー,菱田,Nige,1,2,2,2-3,false,true,11,longshot,28.8,28.8,28.8,false,true,13,53.7,2.2,0.022000000000000002,45.5,-1.3,13,13,0.295,0.443,11.1,0.32,0.456,0.325,0.078,0,0.48,0.443,0.034722222222222224,850.9,490.6,,0.277,,0.219,43.5,false,false,false,false,false,none
202606020311,2026-03-06,中山牝馬Ｓ 出馬表,nakayama-turf-1800-202606020311,中山,nakayama,Turf,1800,G3,11,special,true,false,false,16,3,2021105138,エセルフリーダ,武藤,Senko,2,3,1,1,true,true,6,mid,15.3,15.3,15.3,false,false,7,83.6,2.4,0.024,41.7,-4.1,8,3,0.412,0.564,6.4,0.436,0.64,0.518,0.147,0,0.817,0.436,0.06535947712418301,630,358.5,,0.161,,0.035,13.6,false,false,false,false,false,none
202606020311,2026-03-06,中山牝馬Ｓ 出馬表,nakayama-turf-1800-202606020311,中山,nakayama,Turf,1800,G3,11,special,true,false,false,16,4,2022103546,パラディレーヌ,岩田望,Sashi,2,4,3,2-3,false,true,3,top3,5.3,5.3,5.3,true,false,1,97.2,23,0.23,4.3,4.1,3,2,0.495,0.686,2.9,0.563,0.648,0.611,0.425,0,0.686,0.305,0.18867924528301888,262.4,196,,0.034,,0.027,0,true,false,false,false,false,none
202606020311,2026-03-06,中山牝馬Ｓ 出馬表,nakayama-turf-1800-202606020311,中山,nakayama,Turf,1800,G3,11,special,true,false,false,16,5,2021107179,ボンドガール,岩田康,Senko,3,5,10,4+,false,false,5,mid,13,13,13,false,false,6,89.3,4,0.04,25,-3.7,6,1,0.438,0.593,5.6,0.448,0.675,0.481,0.173,0,0.875,0.426,0.07692307692307693,568.8,328.9,,0.149,0.027,0,7.9,false,false,false,true,true,wide
202606020311,2026-03-06,中山牝馬Ｓ 出馬表,nakayama-turf-1800-202606020311,中山,nakayama,Turf,1800,G3,11,special,true,false,false,16,6,2020103304,アンリーロード,石川,Senko,3,6,11,4+,false,false,16,longshot,218.9,218.9,218.9,false,false,16,50.8,2.2,0.022000000000000002,45.5,1.7,16,16,0.272,0.416,77.6,0.294,0.41,0.295,0.045,0,0.4,0.416,0.02,5961.9,3226.8,,0.303,,0.265,46.4,false,false,false,false,false,none
202606020311,2026-03-06,中山牝馬Ｓ 出馬表,nakayama-turf-1800-202606020311,中山,nakayama,Turf,1800,G3,11,special,true,false,false,16,7,2021105581,フレミングフープ,杉原,Senko,4,7,12,4+,false,false,8,longshot,17.2,17.2,17.2,false,false,5,93.1,6.6,0.066,15.2,0.8,5,4,0.431,0.579,7,0.449,0.636,0.555,0.131,0,0.77,0.483,0.05813953488372093,740.6,406.7,,0.148,,0.039,4.1,false,false,false,false,false,none
202606020311,2026-03-06,中山牝馬Ｓ 出馬表,nakayama-turf-1800-202606020311,中山,nakayama,Turf,1800,G3,11,special,true,false,false,16,8,2021105228,レディーヴァリュー,団野,Senko,4,8,16,4+,false,false,14,longshot,77.9,77.9,77.9,false,false,10,77.5,2.3,0.023,43.5,1,9,11,0.356,0.495,28.3,0.361,0.462,0.41,0.045,0,0.4,0.495,0.02,2771.9,1399.2,,0.236,,0.213,19.7,false,false,false,false,false,none
202606020311,2026-03-06,中山牝馬Ｓ 出馬表,nakayama-turf-1800-202606020311,中山,nakayama,Turf,1800,G3,11,special,true,false,false,16,9,2021105743,ステレンボッシュ,ルメー,Sashi,5,9,7,4+,false,false,9,longshot,23.4,23.4,23.4,false,false,12,58.4,2.2,0.022000000000000002,45.5,-2.1,12,10,0.332,0.48,9.2,0.344,0.527,0.327,0.096,0,0.615,0.48,0.042735042735042736,776.9,441.5,,0.253,,0.148,38.8,false,false,false,false,false,none
202606020311,2026-03-06,中山牝馬Ｓ 出馬表,nakayama-turf-1800-202606020311,中山,nakayama,Turf,1800,G3,11,special,true,false,false,16,10,2021105738,アンゴラブラック,戸崎圭,Senko,5,10,13,4+,false,false,1,top3,4.2,4.2,4.2,false,false,4,95.4,10.8,0.10800000000000001,9.3,-13,1,6,0.489,0.698,2.5,0.597,0.595,0.666,0.536,0,0.517,0.3,0.23809523809523808,205.4,172.4,,0,0.015,0.08,1.8,false,true,false,false,true,honmei
202606020311,2026-03-06,中山牝馬Ｓ 出馬表,nakayama-turf-1800-202606020311,中山,nakayama,Turf,1800,G3,11,special,true,false,false,16,11,2019105768,フィールシンパシー,横山琉,Senko,6,11,14,4+,false,false,15,longshot,136.2,136.2,136.2,false,false,15,56.4,2.2,0.022000000000000002,45.5,1.5,15,15,0.295,0.437,48.7,0.308,0.424,0.303,0.045,0,0.4,0.437,0.02,4012.6,2126.3,,0.289,,0.251,40.8,false,false,false,false,false,none
202606020311,2026-03-06,中山牝馬Ｓ 出馬表,nakayama-turf-1800-202606020311,中山,nakayama,Turf,1800,G3,11,special,true,false,false,16,12,2020103577,ポルカリズム,三浦,Sashi,6,12,9,4+,false,false,10,longshot,25.2,25.2,25.2,false,false,3,94.2,16.3,0.163,6.1,12.3,7,7,0.446,0.588,9.8,0.436,0.582,0.497,0.089,0,0.57,0.588,0.03968253968253968,1125,577.4,,0.161,,0.093,3,false,false,false,false,false,none
202606020311,2026-03-06,中山牝馬Ｓ 出馬表,nakayama-turf-1800-202606020311,中山,nakayama,Turf,1800,G3,11,special,true,false,false,16,13,2022103205,エリカエクスプレス,武豊,Sashi,7,13,4,4+,false,false,4,mid,5.5,5.5,5.5,false,false,8,68.2,2.3,0.023,43.5,-15.9,4,9,0.406,0.599,2.9,0.475,0.549,0.417,0.409,0,0.538,0.308,0.18181818181818182,223.4,175.3,,0.122,,0.126,29,false,false,false,false,false,none
202606020311,2026-03-06,中山牝馬Ｓ 出馬表,nakayama-turf-1800-202606020311,中山,nakayama,Turf,1800,G3,11,special,true,false,false,16,14,2021100244,ニシノティアモ,津村,Senko,7,14,5,4+,false,false,2,top3,4.8,4.8,4.8,false,false,2,98.1,16.7,0.16699999999999998,6,-4.1,2,5,0.493,0.691,2.7,0.582,0.623,0.66,0.469,0,0.609,0.3,0.20833333333333334,236.5,185.2,,0.015,0.015,0.052,-0.9,false,false,true,false,true,opponent
202606020311,2026-03-06,中山牝馬Ｓ 出馬表,nakayama-turf-1800-202606020311,中山,nakayama,Turf,1800,G3,11,special,true,false,false,16,15,2022102296,ケリフレッドアスク,佐々木,Sashi,8,15,8,4+,false,false,13,longshot,61.4,61.4,61.4,false,false,9,72.5,2.3,0.023,43.5,0.7,11,12,0.348,0.488,22.5,0.344,0.457,0.343,0.045,0,0.4,0.488,0.02,2138,1097.1,,0.253,,0.218,24.7,false,false,false,false,false,none
202606020311,2026-03-06,中山牝馬Ｓ 出馬表,nakayama-turf-1800-202606020311,中山,nakayama,Turf,1800,G3,11,special,true,false,false,16,16,2022105346,レーゼドラマ,丹内,Sashi,8,16,6,4+,false,false,7,longshot,17,17,17,false,false,11,54.9,2.2,0.022000000000000002,45.5,-3.7,10,8,0.327,0.481,7,0.353,0.574,0.345,0.132,0,0.775,0.381,0.058823529411764705,555.3,334.2,,0.244,,0.101,42.3,false,false,false,false,false,none
202609010511,2026-03-06,フィリーズレビュー 出馬表,hanshin-turf-1400-202609010511,阪神,hanshin,Turf,1400,G2,11,special,true,false,false,18,1,2023103247,フルールジェンヌ,永島,Sashi,1,1,6,4+,false,false,17,longshot,92.3,92.3,92.3,false,false,7,84.4,4.2,0.042,23.8,3.1,12,15,0.385,0.523,33.3,0.387,0.48,0.463,0.045,0,0.4,0.523,0.02,3551.3,1740.3,,0.172,,0.245,12,false,false,false,false,false,none
202609010511,2026-03-06,フィリーズレビュー 出馬表,hanshin-turf-1400-202609010511,阪神,hanshin,Turf,1400,G2,11,special,true,false,false,18,2,2023107187,ギリーズボール,西塚,Senko,1,2,1,1,true,true,10,longshot,24.5,24.5,24.5,false,true,13,64.1,2,0.02,50,-2.1,18,10,0.338,0.485,9.6,0.352,0.521,0.354,0.092,0,0.587,0.485,0.04081632653061224,828.1,464.8,,0.207,,0.204,32.3,false,false,false,false,false,none
202609010511,2026-03-06,フィリーズレビュー 出馬表,hanshin-turf-1400-202609010511,阪神,hanshin,Turf,1400,G2,11,special,true,false,false,18,3,2023103503,プレセピオ,富田,Nige,2,3,5,4+,false,false,7,longshot,16.4,16.4,16.4,false,false,12,84.6,2.1,0.021,47.6,-4,9,7,0.408,0.558,6.7,0.423,0.629,0.479,0.137,0,0.79,0.448,0.06097560975609757,668.3,376.4,,0.136,,0.096,11.8,false,false,false,false,false,none
202609010511,2026-03-06,フィリーズレビュー 出馬表,hanshin-turf-1400-202609010511,阪神,hanshin,Turf,1400,G2,11,special,true,false,false,18,4,2023105347,ショウナンカリス,池添,Sashi,2,4,8,4+,false,false,1,top3,5.3,5.3,5.3,false,false,1,96.4,19.6,0.196,5.1,0.7,1,3,0.491,0.683,2.9,0.559,0.643,0.598,0.425,0,0.678,0.305,0.18867924528301888,260.3,194.9,,0,0.01,0.082,0,true,true,false,false,true,honmei
202609010511,2026-03-06,フィリーズレビュー 出馬表,hanshin-turf-1400-202609010511,阪神,hanshin,Turf,1400,G2,11,special,true,false,false,18,5,2023104034,テイエムスティール,高杉,Senko,3,5,11,4+,false,false,3,top3,5.7,5.7,5.7,false,false,4,96.1,7.8,0.078,12.8,-9.7,2,4,0.475,0.663,3,0.549,0.642,0.626,0.395,0,0.704,0.312,0.17543859649122806,270.8,198.5,,0.01,0.01,0.083,0.3,false,false,true,false,true,opponent
202609010511,2026-03-06,フィリーズレビュー 出馬表,hanshin-turf-1400-202609010511,阪神,hanshin,Turf,1400,G2,11,special,true,false,false,18,6,2023105027,タイニーワンダー,吉田隼,Senko,3,6,13,4+,false,false,16,longshot,57.7,57.7,57.7,false,false,17,69.2,2,0.02,50,0.3,17,18,0.321,0.462,21.2,0.362,0.44,0.507,0.045,0,0.4,0.462,0.02,1851.1,978.7,,0.197,,0.285,27.2,false,false,false,false,false,none
202609010511,2026-03-06,フィリーズレビュー 出馬表,hanshin-turf-1400-202609010511,阪神,hanshin,Turf,1400,G2,11,special,true,false,false,18,7,2023101159,アイニードユー,西村淳,Oikomi,4,7,3,2-3,false,true,4,mid,6.9,6.9,6.9,false,false,3,95.8,14.6,0.146,6.8,0.1,4,2,0.48,0.657,3.4,0.529,0.705,0.595,0.326,0,0.887,0.332,0.14492753623188406,331.1,224.2,,0.03,,0.02,0.6,false,false,false,false,false,none
202609010511,2026-03-06,フィリーズレビュー 出馬表,hanshin-turf-1400-202609010511,阪神,hanshin,Turf,1400,G2,11,special,true,false,false,18,8,2023103721,ルージュサウダージ,斎藤,Nige,4,8,15,4+,false,false,6,mid,16.2,16.2,16.2,false,false,9,90.5,3.3,0.033,30.3,-2.9,7,5,0.42,0.571,6.7,0.439,0.638,0.522,0.139,0,0.795,0.458,0.0617283950617284,680.8,380.8,,0.12,,0.087,5.9,false,false,false,false,false,none
202609010511,2026-03-06,フィリーズレビュー 出馬表,hanshin-turf-1400-202609010511,阪神,hanshin,Turf,1400,G2,11,special,true,false,false,18,9,2023100914,タイセイフレッサ,小沢,Sashi,5,9,12,4+,false,false,18,longshot,118.2,118.2,118.2,false,false,18,77.8,2,0.02,50,1.2,14,16,0.361,0.5,42.4,0.376,0.465,0.472,0.045,0,0.4,0.5,0.02,4271.9,2119.9,,0.183,,0.26,18.6,false,false,false,false,false,none
202609010511,2026-03-06,フィリーズレビュー 出馬表,hanshin-turf-1400-202609010511,阪神,hanshin,Turf,1400,G2,11,special,true,false,false,18,10,2023103293,ラスティングスノー,松本,Senko,5,10,17,4+,false,false,14,longshot,37.8,37.8,37.8,false,false,16,74.7,2,0.02,50,-0.6,16,17,0.359,0.5,14.2,0.364,0.465,0.401,0.06,0,0.4,0.5,0.026455026455026457,1355.8,711.5,,0.195,,0.26,21.7,false,false,false,false,false,none
202609010511,2026-03-06,フィリーズレビュー 出馬表,hanshin-turf-1400-202609010511,阪神,hanshin,Turf,1400,G2,11,special,true,false,false,18,11,2023103355,クリエープキー,松山,Senko,6,11,18,4+,false,false,15,longshot,38.9,38.9,38.9,false,false,8,92.4,3.8,0.038,26.3,1.2,10,12,0.41,0.548,14.6,0.41,0.496,0.498,0.058,0,0.4,0.548,0.02570694087403599,1593.7,801.2,,0.149,,0.229,4,false,false,false,false,false,none
202609010511,2026-03-06,フィリーズレビュー 出馬表,hanshin-turf-1400-202609010511,阪神,hanshin,Turf,1400,G2,11,special,true,false,false,18,12,2023102694,トワニ,田山,Nige,6,12,7,4+,false,false,12,longshot,32.8,32.8,32.8,false,false,15,85.3,2,0.02,50,-1,11,13,0.4,0.541,12.5,0.41,0.491,0.514,0.069,0,0.4,0.541,0.030487804878048783,1312,674.8,,0.149,,0.234,11.1,false,false,false,false,false,none
202609010511,2026-03-06,フィリーズレビュー 出馬表,hanshin-turf-1400-202609010511,阪神,hanshin,Turf,1400,G2,11,special,true,false,false,18,13,2023107264,デアヴェローチェ,酒井,Senko,7,13,4,4+,false,false,5,mid,8.8,8.8,8.8,false,false,6,96,5.6,0.055999999999999994,17.9,-5.8,5,1,0.463,0.629,4.1,0.502,0.725,0.586,0.256,0,0.98,0.363,0.11363636363636363,407,256.7,,0.057,0.021,0,0.4,false,false,false,true,true,wide
202609010511,2026-03-06,フィリーズレビュー 出馬表,hanshin-turf-1400-202609010511,阪神,hanshin,Turf,1400,G2,11,special,true,false,false,18,14,2023106185,コラルリーフ,鮫島駿,Sashi,7,14,10,4+,false,false,8,longshot,19.5,19.5,19.5,false,false,2,95.6,15.8,0.158,6.3,10.7,6,6,0.453,0.598,7.8,0.457,0.633,0.551,0.115,0,0.712,0.54,0.05128205128205128,883.6,468.3,,0.102,,0.092,0.8,false,false,false,false,false,none
202609010511,2026-03-06,フィリーズレビュー 出馬表,hanshin-turf-1400-202609010511,阪神,hanshin,Turf,1400,G2,11,special,true,false,false,18,15,2023102991,ローズカリス,田口,Nige,7,15,16,4+,false,false,11,longshot,28.2,28.2,28.2,false,false,14,71.2,2,0.02,50,-1.5,15,11,0.355,0.5,10.9,0.371,0.498,0.419,0.08,0,0.495,0.5,0.03546099290780142,1000.6,543,,0.188,,0.227,25.2,false,false,false,false,false,none
202609010511,2026-03-06,フィリーズレビュー 出馬表,hanshin-turf-1400-202609010511,阪神,hanshin,Turf,1400,G2,11,special,true,false,false,18,16,2023105277,ファニーバニー,松若,Senko,8,16,14,4+,false,false,9,longshot,19.9,19.9,19.9,false,false,10,91,3.1,0.031,32.3,-1.9,8,9,0.425,0.572,8,0.431,0.612,0.499,0.113,0,0.703,0.52,0.05025125628140704,846.1,455.2,,0.128,,0.113,5.4,false,false,false,false,false,none
202609010511,2026-03-06,フィリーズレビュー 出馬表,hanshin-turf-1400-202609010511,阪神,hanshin,Turf,1400,G2,11,special,true,false,false,18,17,2023107020,サンアントワーヌ,荻野極,Oikomi,8,17,2,2-3,false,true,2,top3,5.4,5.4,5.4,true,false,5,90,5.6,0.055999999999999994,17.9,-12.9,3,8,0.464,0.656,2.9,0.547,0.615,0.616,0.417,0,0.64,0.307,0.18518518518518517,250.8,189.6,,0.012,,0.11,6.4,false,false,false,false,false,none
202609010511,2026-03-06,フィリーズレビュー 出馬表,hanshin-turf-1400-202609010511,阪神,hanshin,Turf,1400,G2,11,special,true,false,false,18,18,2023103086,イヌボウノウタゴエ,吉村,Sashi,8,18,9,4+,false,false,13,longshot,33.7,33.7,33.7,false,false,11,81.2,2.4,0.024,41.7,-0.6,13,14,0.391,0.532,12.8,0.386,0.486,0.417,0.067,0,0.4,0.532,0.029673590504451036,1317.6,680.5,,0.173,,0.239,15.2,false,false,false,false,false,none
202606020411,2026-03-07,弥生賞ディープ記念 出馬表,nakayama-turf-2000-202606020411,中山,nakayama,Turf,2000,G2,11,special,true,false,false,10,1,2023104346,ステラスペース,武藤,Senko,1,1,7,4+,false,false,5,mid,17.9,17.9,12.9,false,false,3,96.2,12.1,0.121,8.3,4.3,5,2,0.454,0.608,5.5,0.473,0.685,0.56,0.174,0,0.878,0.432,0.07751937984496124,585.3,335.4,,0.274,,0.001,2.8,false,false,false,false,false,none
202606020411,2026-03-07,弥生賞ディープ記念 出馬表,nakayama-turf-2000-202606020411,中山,nakayama,Turf,2000,G2,11,special,true,false,false,10,2,2023103986,メイショウソラリス,角田和,Senko,2,2,10,4+,false,false,8,longshot,61.5,61.5,43.2,false,false,8,70.6,3.6,0.036000000000000004,27.8,1.3,9,9,0.348,0.488,16.1,0.352,0.457,0.377,0.052,0,0.4,0.488,0.023148148148148147,1502,787.3,,0.395,,0.229,28.4,false,false,false,false,false,none
202606020411,2026-03-07,弥生賞ディープ記念 出馬表,nakayama-turf-2000-202606020411,中山,nakayama,Turf,2000,G2,11,special,true,false,false,10,3,2023106492,コスモギガンティア,矢野貴,Sashi,3,3,6,4+,false,false,9,longshot,104.6,104.6,57.1,false,false,9,79.9,3.6,0.036000000000000004,27.8,1.8,8,8,0.376,0.514,21,0.387,0.474,0.488,0.045,0,0.4,0.514,0.02,2146.3,1078.8,,0.36,,0.212,19.1,false,false,false,false,false,none
202606020411,2026-03-07,弥生賞ディープ記念 出馬表,nakayama-turf-2000-202606020411,中山,nakayama,Turf,2000,G2,11,special,true,false,false,10,4,2023103687,ライヒスアドラー,佐々木,Oikomi,4,4,2,2-3,false,true,2,top3,2.7,2.7,3.2,true,false,2,97.9,24.2,0.242,4.1,-7.1,2,6,0.529,0.762,2.1,0.665,0.603,0.705,0.703,0,0.439,0.3,0.3125,169.2,161.5,,0.082,0.082,0.083,1.1,false,false,true,false,true,opponent
202606020411,2026-03-07,弥生賞ディープ記念 出馬表,nakayama-turf-2000-202606020411,中山,nakayama,Turf,2000,G2,11,special,true,false,false,10,5,2023106861,タイダルロック,三浦,Senko,5,5,4,4+,false,false,4,mid,8.5,8.5,7.4,false,false,5,89.7,4.9,0.049,20.4,-8.6,4,1,0.448,0.623,3.6,0.504,0.686,0.578,0.304,0,0.883,0.34,0.13513513513513511,331.6,223.6,,0.243,0.001,0,9.3,false,false,false,true,true,wide
202606020411,2026-03-07,弥生賞ディープ記念 出馬表,nakayama-turf-2000-202606020411,中山,nakayama,Turf,2000,G2,11,special,true,false,false,10,6,2023105311,アドマイヤクワッズ,坂井,Sashi,6,6,3,2-3,false,true,1,top3,2.2,2.2,2.4,true,false,1,99,34.1,0.341,2.9,-7.6,1,4,0.557,0.825,1.8,0.747,0.613,0.763,0.938,0,0.37,0.3,0.4166666666666667,133.7,151.8,,0,0.082,0.073,0,true,true,false,false,true,honmei
202606020411,2026-03-07,弥生賞ディープ記念 出馬表,nakayama-turf-2000-202606020411,中山,nakayama,Turf,2000,G2,11,special,true,false,false,10,7,2023105433,モウエエデショー,原田和,Oikomi,7,7,5,4+,false,false,10,longshot,150,150,89.4,false,false,10,62.3,3.6,0.036000000000000004,27.8,2.5,10,10,0.316,0.457,32.3,0.338,0.437,0.398,0.045,0,0.4,0.457,0.02,2826.7,1476.9,,0.409,,0.249,36.7,false,false,false,false,false,none
202606020411,2026-03-07,弥生賞ディープ記念 出馬表,nakayama-turf-2000-202606020411,中山,nakayama,Turf,2000,G2,11,special,true,false,false,10,8,2023107247,バステール,川田,Senko,7,8,1,1,true,true,3,top3,6.3,6.3,5.8,true,false,4,89.9,5.4,0.054000000000000006,18.5,-11.8,3,3,0.46,0.648,3,0.54,0.628,0.626,0.388,0,0.688,0.313,0.1724137931034483,267.1,196.3,,0.207,,0.058,9.1,false,false,false,false,false,none
202606020411,2026-03-07,弥生賞ディープ記念 出馬表,nakayama-turf-2000-202606020411,中山,nakayama,Turf,2000,G2,11,special,true,false,false,10,9,2023103814,アメテュストス,大野,Oikomi,8,9,9,4+,false,false,7,longshot,37.5,37.5,25.3,false,false,6,88.1,4.8,0.048,20.8,0.8,7,7,0.415,0.558,9.9,0.417,0.561,0.485,0.089,0,0.567,0.558,0.039525691699604744,1049,549.6,,0.33,,0.125,10.9,false,false,false,false,false,none
202606020411,2026-03-07,弥生賞ディープ記念 出馬表,nakayama-turf-2000-202606020411,中山,nakayama,Turf,2000,G2,11,special,true,false,false,10,10,2023105354,バリオス,高杉,Senko,8,10,8,4+,false,false,6,mid,18.2,18.2,16.9,false,false,7,78.6,3.6,0.036000000000000004,27.8,-2.3,6,5,0.385,0.536,6.9,0.426,0.611,0.555,0.133,0,0.778,0.435,0.0591715976331361,650.7,371,,0.321,,0.075,20.4,false,false,false,false,false,none
202606020511,2026-03-14,アネモネステークス,nakayama-turf-1600-202606020511,中山,nakayama,Turf,1600,L,11,special,true,false,false,17,1,,ホワイトオーキッド,戸崎圭,Sashi,1,,,missing,false,false,,unknown,14.5,,14.5,false,false,13,68.7,2.1,0.021,47.6,-4.8,13,6,0.371,0.527,6.1,0.387,0.621,0.37,0.155,0,0.837,0.385,0.06896551724137931,537.8,319.9,,0.191,,0.1,22.1,false,false,false,false,false,none
202606020511,2026-03-14,アネモネステークス,nakayama-turf-1600-202606020511,中山,nakayama,Turf,1600,L,11,special,true,false,false,17,17,2023102615,ホワイトオーキッド,戸崎圭,Sashi,1,1,16,4+,false,false,11,longshot,22,22,14.5,false,false,14,68.7,2.1,0.021,47.6,-4.8,14,7,0.371,0.526,6.1,0.387,0.621,0.37,0.155,0,0.837,0.385,0.06896551724137931,537.5,319.7,,0.191,,0.1,22.1,false,false,false,false,false,none
202606020511,2026-03-14,アネモネステークス,nakayama-turf-1600-202606020511,中山,nakayama,Turf,1600,L,11,special,true,false,false,17,2,2023107172,バルボアパーク,ルメー,Senko,1,2,3,2-3,false,true,1,top3,3.2,3.2,4.6,true,false,1,90.8,22.5,0.225,4.4,0.8,1,10,0.481,0.683,2.6,0.578,0.601,0.643,0.489,0,0.559,0.3,0.2173913043478261,221.2,178.3,,0,0,0.12,0,true,true,false,false,true,honmei
202606020511,2026-03-14,アネモネステークス,nakayama-turf-1600-202606020511,中山,nakayama,Turf,1600,L,11,special,true,false,false,17,3,2023104991,ヘルモソブレード,杉原,Oikomi,2,3,13,4+,false,false,15,longshot,246.1,246.1,137.9,false,false,7,80.3,3.2,0.032,31.3,2.5,15,15,0.371,0.509,49.3,0.376,0.471,0.444,0.045,0,0.4,0.509,0.02,5114.4,2509.2,,0.202,,0.25,10.5,false,false,false,false,false,none
202606020511,2026-03-14,アネモネステークス,nakayama-turf-1600-202606020511,中山,nakayama,Turf,1600,L,11,special,true,false,false,17,4,2023107069,ディアダイヤモンド,津村,Sashi,2,4,1,1,true,true,2,top3,5.3,5.3,8.4,true,false,6,84.3,3.7,0.037000000000000005,27,-8.2,4,2,0.434,0.604,3.9,0.473,0.709,0.503,0.268,0,0.975,0.357,0.11904761904761904,364.3,237.8,,0.105,,0.012,6.5,false,false,false,false,false,none
202606020511,2026-03-14,アネモネステークス,nakayama-turf-1600-202606020511,中山,nakayama,Turf,1600,L,11,special,true,false,false,17,5,2023106780,ランプローグ,吉田豊,Sashi,3,5,8,4+,false,false,13,longshot,135.4,135.4,54.5,false,false,5,89.2,11.4,0.114,8.8,9.6,11,14,0.404,0.541,20.1,0.404,0.492,0.499,0.045,0,0.4,0.541,0.02,2202.2,1085.8,,0.174,,0.229,1.6,false,false,false,false,false,none
202606020511,2026-03-14,アネモネステークス,nakayama-turf-1600-202606020511,中山,nakayama,Turf,1600,L,11,special,true,false,false,17,6,2023102567,フェアリーライズ,柴田善,Senko,3,6,14,4+,false,false,14,longshot,135.7,135.7,60.7,false,false,16,73.6,2.1,0.021,47.6,0.5,16,16,0.342,0.482,22.2,0.374,0.453,0.509,0.045,0,0.4,0.482,0.02,2074.7,1071.6,,0.204,,0.268,17.2,false,false,false,false,false,none
202606020511,2026-03-14,アネモネステークス,nakayama-turf-1600-202606020511,中山,nakayama,Turf,1600,L,11,special,true,false,false,17,7,2023106999,エピッククイーン,丹内,Sashi,4,7,15,4+,false,false,9,longshot,17.9,17.9,4.2,false,false,9,82.5,2.8,0.027999999999999997,35.7,-21,2,12,0.454,0.664,2.5,0.577,0.555,0.657,0.536,0,0.458,0.3,0.23809523809523808,190.5,164.1,,0.001,0,0.166,8.3,false,false,true,false,true,opponent
202606020511,2026-03-14,アネモネステークス,nakayama-turf-1600-202606020511,中山,nakayama,Turf,1600,L,11,special,true,false,false,17,8,2023107078,スマイルカーブ,大野,Senko,4,8,5,4+,false,false,16,longshot,317.9,317.9,119.4,false,false,17,66.1,2.1,0.021,47.6,1.3,17,17,0.312,0.454,42.8,0.337,0.435,0.401,0.045,0,0.4,0.454,0.02,3730.2,1941.8,,0.241,,0.286,24.7,false,false,false,false,false,none
202606020511,2026-03-14,アネモネステークス,nakayama-turf-1600-202606020511,中山,nakayama,Turf,1600,L,11,special,true,false,false,17,9,2023104303,リアライズリバティ,佐々木,Senko,5,9,9,4+,false,false,3,top3,6.8,6.8,10.4,false,false,12,77.9,2.2,0.022000000000000002,45.5,-7.4,6,4,0.401,0.565,4.6,0.452,0.675,0.545,0.216,0,0.94,0.355,0.09615384615384615,417,261.9,,0.126,,0.046,12.9,false,false,false,false,false,none
202606020511,2026-03-14,アネモネステークス,nakayama-turf-1600-202606020511,中山,nakayama,Turf,1600,L,11,special,true,false,false,17,10,2023103648,ファンクション,斎藤,Oikomi,5,10,4,4+,false,false,5,mid,8.6,8.6,10.1,false,false,11,80.9,2.4,0.024,41.7,-7.5,5,3,0.41,0.574,4.5,0.464,0.684,0.575,0.223,0,0.948,0.359,0.09900990099009901,414.4,260.5,,0.114,,0.037,9.9,false,false,false,false,false,none
202606020511,2026-03-14,アネモネステークス,nakayama-turf-1600-202606020511,中山,nakayama,Turf,1600,L,11,special,true,false,false,17,11,2023103356,ヴァリスマリネリス,横山武,Sashi,6,11,11,4+,false,false,8,longshot,17.8,17.8,17.9,false,false,15,76.7,2.1,0.021,47.6,-3.5,12,9,0.384,0.534,7.3,0.4,0.602,0.438,0.126,0,0.753,0.449,0.0558659217877095,687.3,388.2,,0.178,,0.119,14.1,false,false,false,false,false,none
202606020511,2026-03-14,アネモネステークス,nakayama-turf-1600-202606020511,中山,nakayama,Turf,1600,L,11,special,true,false,false,17,12,2023105035,メイショウハッケイ,横山典,Senko,6,12,7,4+,false,false,10,longshot,20.8,20.8,22.9,false,false,4,88.9,11.5,0.115,8.7,7.1,8,11,0.417,0.561,9,0.427,0.584,0.519,0.098,0,0.628,0.559,0.04366812227074236,953.9,505.7,,0.151,,0.137,1.9,false,false,false,false,false,none
202606020511,2026-03-14,アネモネステークス,nakayama-turf-1600-202606020511,中山,nakayama,Turf,1600,L,11,special,true,false,false,17,13,2023105345,ルージュダリア,荻野極,Nige,7,13,10,4+,false,false,4,mid,7.8,7.8,8.4,false,false,3,92.4,11.9,0.11900000000000001,8.4,0,3,1,0.446,0.615,3.9,0.487,0.721,0.541,0.268,0,0.99,0.357,0.11904761904761904,374.5,242.4,,0.091,0.012,0,-1.6,false,false,false,true,true,wide
202606020511,2026-03-14,アネモネステークス,nakayama-turf-1600-202606020511,中山,nakayama,Turf,1600,L,11,special,true,false,false,17,14,2023105420,ナイスプレーアスク,岩田康,Senko,7,14,12,4+,false,false,7,longshot,16.9,16.9,18.6,false,false,10,81.1,2.5,0.025,40,-2.9,10,8,0.4,0.548,7.5,0.418,0.606,0.491,0.121,0,0.735,0.475,0.05376344086021505,743.3,411.9,,0.16,,0.115,9.7,false,false,false,false,false,none
202606020511,2026-03-14,アネモネステークス,nakayama-turf-1600-202606020511,中山,nakayama,Turf,1600,L,11,special,true,false,false,17,15,2023103153,ベルサンローラン,石橋脩,Oikomi,8,15,6,4+,false,false,6,mid,16.4,16.4,18.1,false,false,2,92.5,12.3,0.12300000000000001,8.1,6.8,7,5,0.43,0.578,7.3,0.445,0.629,0.544,0.124,0,0.747,0.497,0.055248618784530384,779.2,424.2,,0.133,,0.092,-1.7,false,false,false,false,false,none
202606020511,2026-03-14,アネモネステークス,nakayama-turf-1600-202606020511,中山,nakayama,Turf,1600,L,11,special,true,false,false,17,16,2023105344,ルールザウェイヴ,原,Oikomi,8,16,2,2-3,false,true,12,longshot,62.7,62.7,24.8,false,true,8,83.5,2.9,0.028999999999999998,34.5,-1.1,9,13,0.394,0.538,9.7,0.42,0.553,0.551,0.091,0,0.58,0.538,0.04032258064516129,977,521.1,,0.158,,0.168,7.3,false,false,false,false,false,none
202606020610,2026-03-14,東風Ｓ,nakayama-turf-1600-202606020610,中山,nakayama,Turf,1600,L,10,special,true,false,false,16,1,2019105482,アサヒ,横山琉,Senko,1,1,13,4+,false,false,14,longshot,204.4,204.4,65.1,false,false,12,67.6,3.5,0.035,28.6,2,13,13,0.33,0.47,23.8,0.34,0.446,0.371,0.045,0,0.4,0.47,0.02,2146.6,1118.5,,0.336,,0.211,0.6,false,false,false,false,false,none
202606020610,2026-03-14,東風Ｓ,nakayama-turf-1600-202606020610,中山,nakayama,Turf,1600,L,10,special,true,false,false,16,2,2018104913,アルビージャ,丹内,Senko,2,3,8,4+,false,false,13,longshot,139.6,139.6,151.8,false,false,10,68.8,3.7,0.037000000000000005,27,3,15,15,0.325,0.466,54.1,0.337,0.443,0.369,0.045,0,0.4,0.466,0.02,4939.8,2523.2,,0.339,,0.214,-0.6,false,false,false,false,false,none
202606020610,2026-03-14,東風Ｓ,nakayama-turf-1600-202606020610,中山,nakayama,Turf,1600,L,10,special,true,false,false,16,3,2022104764,ヴァルキリーバース,ルメー,Senko,3,5,1,1,true,true,4,mid,7.8,7.8,7.1,false,false,7,69,6.3,0.063,15.9,-7.8,4,2,0.389,0.569,3.5,0.449,0.589,0.445,0.317,0,0.701,0.304,0.14084507042253522,276.1,198.2,,0.227,,0.068,-0.8,false,false,false,false,false,none
202606020610,2026-03-14,東風Ｓ,nakayama-turf-1600-202606020610,中山,nakayama,Turf,1600,L,10,special,true,false,false,16,4,2020105295,エエヤン,杉原,Senko,6,12,15,4+,false,false,15,longshot,247.6,247.6,31.6,false,false,13,67.8,3.2,0.032,31.3,0,7,6,0.344,0.488,12.1,0.355,0.461,0.382,0.071,0,0.41,0.488,0.03164556962025316,1087.7,588.6,,0.321,,0.196,0.4,false,false,false,false,false,none
202606020610,2026-03-14,東風Ｓ,nakayama-turf-1600-202606020610,中山,nakayama,Turf,1600,L,10,special,true,false,false,16,5,2022106691,エンペラーズソード,荻野極,Oikomi,7,13,7,4+,false,false,5,mid,11.8,11.8,11.3,false,false,4,67.1,10.2,0.102,9.8,1.4,5,1,0.385,0.547,5,0.415,0.657,0.422,0.199,0,0.918,0.352,0.08849557522123894,435.6,271.1,,0.261,0.069,0,1.1,false,false,false,true,true,wide
202606020610,2026-03-14,東風Ｓ,nakayama-turf-1600-202606020610,中山,nakayama,Turf,1600,L,10,special,true,false,false,16,6,2022105369,ジョイフルニュース,佐々木,Nige,3,6,2,2-3,false,true,1,top3,2.2,2.2,4.2,true,false,11,68.4,3.6,0.036000000000000004,27.8,-20.2,3,3,0.414,0.627,2.5,0.524,0.512,0.496,0.536,0,0.391,0.3,0.23809523809523808,173.8,154.8,,0.152,,0.145,-0.2,false,false,false,false,false,none
202606020610,2026-03-14,東風Ｓ,nakayama-turf-1600-202606020610,中山,nakayama,Turf,1600,L,10,special,true,false,false,16,7,2018101343,ゾンニッヒ,団野,Oikomi,4,7,5,4+,false,false,11,longshot,91.4,91.4,54.4,false,false,3,67.7,11.1,0.111,9,9.3,8,8,0.351,0.491,20,0.353,0.459,0.38,0.045,0,0.4,0.491,0.02,1911.7,983.7,,0.323,,0.198,0.5,false,false,false,false,false,none
202606020610,2026-03-14,東風Ｓ,nakayama-turf-1600-202606020610,中山,nakayama,Turf,1600,L,10,special,true,false,false,16,8,2020101967,ダイシンヤマト,吉田豊,Senko,5,9,9,4+,false,false,6,mid,32.2,32.2,65.1,false,false,9,69.8,4.4,0.044000000000000004,22.7,2.9,12,12,0.337,0.477,23.8,0.344,0.45,0.374,0.045,0,0.4,0.477,0.02,2194.7,1135.2,,0.332,,0.207,-1.6,false,false,false,false,false,none
202606020610,2026-03-14,東風Ｓ,nakayama-turf-1600-202606020610,中山,nakayama,Turf,1600,L,10,special,true,false,false,16,9,2019106335,タシット,石橋脩,Senko,5,10,12,4+,false,false,12,longshot,134.5,134.5,257.8,false,false,8,70,5,0.05,20,4.6,14,14,0.328,0.469,91.2,0.339,0.445,0.371,0.045,0,0.4,0.469,0.02,8462.1,4277.2,,0.337,,0.212,-1.8,false,false,false,false,false,none
202606020610,2026-03-14,東風Ｓ,nakayama-turf-1600-202606020610,中山,nakayama,Turf,1600,L,10,special,true,false,false,16,10,2021105817,ダノンエアズロック,津村,Senko,8,15,4,4+,false,false,3,top3,6.7,6.7,3.6,false,false,15,67.8,2.9,0.028999999999999998,34.5,-24.9,2,5,0.415,0.641,2.3,0.549,0.495,0.513,0.625,0,0.321,0.3,0.2777777777777778,149.3,144.9,,0.127,0.127,0.162,0.4,false,false,true,false,true,opponent
202606020610,2026-03-14,東風Ｓ,nakayama-turf-1600-202606020610,中山,nakayama,Turf,1600,L,10,special,true,false,false,16,11,2019101408,ニシノスーベニア,大野,Senko,2,4,16,4+,false,false,7,longshot,32.8,32.8,70.2,false,false,16,67.1,2.8,0.027999999999999997,35.7,1.4,16,16,0.323,0.464,25.6,0.336,0.441,0.369,0.045,0,0.4,0.464,0.02,2267,1185.9,,0.34,,0.216,1.1,false,false,false,false,false,none
202606020610,2026-03-14,東風Ｓ,nakayama-turf-1600-202606020610,中山,nakayama,Turf,1600,L,10,special,true,false,false,16,12,2020110133,フロムダスク,笹川翼,Sashi,4,8,14,4+,false,false,10,longshot,50.2,50.2,83.3,false,false,2,68.9,11.6,0.11599999999999999,8.6,10.4,9,9,0.347,0.486,30.2,0.35,0.456,0.378,0.045,0,0.4,0.486,0.02,2887,1466.3,,0.326,,0.201,-0.7,false,false,false,false,false,none
202606020610,2026-03-14,東風Ｓ,nakayama-turf-1600-202606020610,中山,nakayama,Turf,1600,L,10,special,true,false,false,16,13,2018106318,メイショウシンタケ,角田和,Sashi,7,14,10,4+,false,false,16,longshot,257.2,257.2,141.5,false,false,5,67.8,8.6,0.086,11.6,7.9,11,11,0.338,0.478,50.5,0.344,0.451,0.374,0.045,0,0.4,0.478,0.02,4777.7,2413.9,,0.332,,0.206,0.4,false,false,false,false,false,none
202606020610,2026-03-14,東風Ｓ,nakayama-turf-1600-202606020610,中山,nakayama,Turf,1600,L,10,special,true,false,false,16,14,2022104401,ランスオブカオス,坂井,Senko,6,11,11,4+,false,false,2,top3,3.7,3.7,2.2,false,false,14,67.7,2.9,0.028999999999999998,34.5,-42.6,1,4,0.452,0.738,1.8,0.676,0.512,0.601,1,0.007,0.219,0.298,0.45454545454545453,99.4,130.6,,0,0.127,0.145,0.5,false,true,false,false,true,honmei
202606020610,2026-03-14,東風Ｓ,nakayama-turf-1600-202606020610,中山,nakayama,Turf,1600,L,10,special,true,false,false,16,15,2022105291,ランフォーヴァウ,石川,Oikomi,1,2,6,4+,false,false,9,longshot,36.7,36.7,124.7,false,false,1,68.2,12.3,0.12300000000000001,8.1,11.5,10,10,0.34,0.48,44.6,0.346,0.452,0.375,0.045,0,0.4,0.48,0.02,4241,2143.4,,0.33,,0.205,0,true,false,false,false,false,none
202606020610,2026-03-14,東風Ｓ,nakayama-turf-1600-202606020610,中山,nakayama,Turf,1600,L,10,special,true,false,false,16,16,2021105661,レガーロデルシエロ,岩田康,Sashi,8,16,3,2-3,false,true,8,longshot,35.6,35.6,48.9,false,true,6,68.6,8.1,0.081,12.3,6.1,6,7,0.354,0.494,18.1,0.355,0.461,0.381,0.046,0,0.4,0.494,0.02044989775051125,1731.7,894.1,,0.321,,0.196,-0.4,false,false,false,false,false,none
202606020611,2026-03-14,スプリングＳ,nakayama-turf-1800-202606020611,中山,nakayama,Turf,1800,G2,11,special,true,false,false,17,1,,ロードレイジング,笹川翼,Nige,1,,,missing,false,false,,unknown,462.3,,462.3,false,false,15,57.4,2.1,0.021,47.6,1.9,17,17,0.263,0.407,162.8,0.302,0.405,0.355,0.045,0,0.4,0.407,0.02,12166.1,6626.3,,0.467,,0.216,40.7,false,false,false,false,false,none
202606020611,2026-03-14,スプリングＳ,nakayama-turf-1800-202606020611,中山,nakayama,Turf,1800,G2,11,special,true,false,false,17,17,2023100380,ロードレイジング,笹川翼,Nige,1,1,15,4+,false,false,16,longshot,426,426,462.3,false,false,16,67.7,2.1,0.021,47.6,1.9,15,16,0.308,0.449,162.8,0.326,0.432,0.363,0.045,0,0.4,0.449,0.02,14228.6,7316.3,,0.443,,0.189,30.4,false,false,false,false,false,none
202606020611,2026-03-14,スプリングＳ,nakayama-turf-1800-202606020611,中山,nakayama,Turf,1800,G2,11,special,true,false,false,17,2,2023106400,アスクエジンバラ,岩田康,Senko,1,2,2,2-3,false,true,2,top3,4.9,4.9,5.4,true,false,2,97,16.1,0.161,6.2,-2.4,2,1,0.469,0.66,2.9,0.549,0.621,0.618,0.417,0,0.648,0.307,0.18518518518518517,253.1,190.8,,0.22,0.22,0,1.1,false,false,true,false,true,opponent
202606020611,2026-03-14,スプリングＳ,nakayama-turf-1800-202606020611,中山,nakayama,Turf,1800,G2,11,special,true,false,false,17,3,2023102178,タイキルッジェーロ,横山武,Sashi,2,3,11,4+,false,false,11,longshot,71,71,164.3,false,false,9,73.1,2.3,0.023,43.5,1.7,13,10,0.36,0.499,58.5,0.369,0.465,0.44,0.045,0,0.4,0.499,0.02,5919.2,2920.9,,0.4,,0.156,25,false,false,false,false,false,none
202606020611,2026-03-14,スプリングＳ,nakayama-turf-1800-202606020611,中山,nakayama,Turf,1800,G2,11,special,true,false,false,17,4,2023100940,ラストスマイル,杉原,Senko,2,4,6,4+,false,false,5,mid,14.2,14.2,38.3,false,false,12,78,2.1,0.021,47.6,-0.5,11,13,0.349,0.491,14.4,0.376,0.459,0.487,0.059,0,0.4,0.491,0.026109660574412535,1338.3,707.4,,0.393,,0.162,20.1,false,false,false,false,false,none
202606020611,2026-03-14,スプリングＳ,nakayama-turf-1800-202606020611,中山,nakayama,Turf,1800,G2,11,special,true,false,false,17,5,2023101577,フレイムスター,石川,Nige,3,5,16,4+,false,false,14,longshot,312.1,312.1,528.3,false,false,17,68.1,2.1,0.021,47.6,1.9,16,15,0.31,0.451,185.9,0.325,0.433,0.352,0.045,0,0.4,0.451,0.02,16359.6,8387.7,,0.444,,0.188,30,false,false,false,false,false,none
202606020611,2026-03-14,スプリングＳ,nakayama-turf-1800-202606020611,中山,nakayama,Turf,1800,G2,11,special,true,false,false,17,6,2023100681,ガリレア,石橋脩,Senko,3,6,10,4+,false,false,10,longshot,55.6,55.6,308.2,false,false,7,91.1,4.4,0.044000000000000004,22.7,4.1,9,9,0.374,0.512,108.9,0.382,0.473,0.466,0.045,0,0.4,0.512,0.02,11512.2,5572.6,,0.387,,0.148,7,false,false,false,false,false,none
202606020611,2026-03-14,スプリングＳ,nakayama-turf-1800-202606020611,中山,nakayama,Turf,1800,G2,11,special,true,false,false,17,7,2023104885,ジーネキング,横山和,Senko,4,7,12,4+,false,false,12,longshot,73.5,73.5,224.1,false,false,14,76.2,2.1,0.021,47.6,1.7,14,14,0.335,0.475,79.4,0.344,0.449,0.379,0.045,0,0.4,0.475,0.02,7508.9,3775.7,,0.425,,0.172,21.9,false,false,false,false,false,none
202606020611,2026-03-14,スプリングＳ,nakayama-turf-1800-202606020611,中山,nakayama,Turf,1800,G2,11,special,true,false,false,17,8,2023100207,マイネルシンベリン,丹内,Sashi,4,8,8,4+,false,false,13,longshot,85.3,85.3,142.2,false,false,6,82.9,5.1,0.051,19.6,4.4,8,8,0.389,0.527,50.8,0.398,0.483,0.505,0.045,0,0.4,0.527,0.02,5537.4,2675.3,,0.371,,0.138,15.2,false,false,false,false,false,none
202606020611,2026-03-14,スプリングＳ,nakayama-turf-1800-202606020611,中山,nakayama,Turf,1800,G2,11,special,true,false,false,17,9,2023103875,マカナアネラ,角田和,Senko,5,9,13,4+,false,false,15,longshot,385.8,385.8,568.9,false,false,10,83.1,2.3,0.023,43.5,2.1,12,12,0.354,0.494,200.1,0.373,0.461,0.474,0.045,0,0.4,0.494,0.02,20165.8,9880.6,,0.396,,0.16,15,false,false,false,false,false,none
202606020611,2026-03-14,スプリングＳ,nakayama-turf-1800-202606020611,中山,nakayama,Turf,1800,G2,11,special,true,false,false,17,10,2023100724,サノノグレーター,田辺,Senko,5,10,5,4+,false,false,4,mid,11.2,11.2,29.9,false,false,1,98.1,18.4,0.184,5.4,15.1,5,5,0.418,0.559,11.5,0.421,0.521,0.514,0.075,0,0.453,0.559,0.033444816053511704,1248.9,640.3,,0.348,,0.1,0,true,false,false,false,false,none
202606020611,2026-03-14,スプリングＳ,nakayama-turf-1800-202606020611,中山,nakayama,Turf,1800,G2,11,special,true,false,false,17,11,2023100627,テルヒコウ,坂井,Senko,6,11,14,4+,false,false,9,longshot,24.4,24.4,64.8,false,false,3,97.2,12.6,0.126,7.9,11.1,6,7,0.395,0.533,23.7,0.404,0.486,0.524,0.045,0,0.4,0.533,0.02,2561.7,1261.1,,0.365,,0.135,0.9,false,false,false,false,false,none
202606020611,2026-03-14,スプリングＳ,nakayama-turf-1800-202606020611,中山,nakayama,Turf,1800,G2,11,special,true,false,false,17,12,2023106925,クレパスキュラー,ルメー,Nige,6,12,7,4+,false,false,1,top3,2,2,1.2,false,false,5,95.1,8.3,0.083,12,-75,1,4,0.577,0.88,1.4,0.769,0.568,0.823,1,0.295,0.178,0.212,0.7,69.3,125,overbet_high,0,0.22,0.053,3,false,true,false,false,true,honmei
202606020611,2026-03-14,スプリングＳ,nakayama-turf-1800-202606020611,中山,nakayama,Turf,1800,G2,11,special,true,false,false,17,13,2023101102,ミスターライト,大野,Senko,7,13,9,4+,false,false,3,top3,7.9,7.9,27.6,false,false,11,83.7,2.1,0.021,47.6,-1.5,7,6,0.37,0.514,10.7,0.401,0.512,0.533,0.082,0,0.51,0.514,0.036231884057971016,1020.2,547.8,,0.368,,0.109,14.4,false,false,false,false,false,none
202606020611,2026-03-14,スプリングＳ,nakayama-turf-1800-202606020611,中山,nakayama,Turf,1800,G2,11,special,true,false,false,17,14,2023106978,アクロフェイズ,西村淳,Senko,7,14,3,2-3,false,true,7,longshot,17,17,59.6,false,false,13,82.7,2.1,0.021,47.6,0.4,10,11,0.356,0.495,21.9,0.378,0.462,0.493,0.045,0,0.4,0.495,0.02,2120.7,1082.2,,0.391,,0.159,15.4,false,false,false,false,false,none
202606020611,2026-03-14,スプリングＳ,nakayama-turf-1800-202606020611,中山,nakayama,Turf,1800,G2,11,special,true,false,false,17,15,2023107321,アウダーシア,津村,Senko,8,15,1,1,true,true,8,longshot,19.4,19.4,19.1,false,true,8,90.2,4.1,0.040999999999999995,24.4,-1.1,4,2,0.402,0.55,7.7,0.43,0.604,0.55,0.118,0,0.722,0.485,0.05235602094240837,767.8,422.8,,0.339,0.027,0.017,7.9,false,false,false,true,true,wide
202606020611,2026-03-14,スプリングＳ,nakayama-turf-1800-202606020611,中山,nakayama,Turf,1800,G2,11,special,true,false,false,17,16,2023101449,サウンドムーブ,団野,Senko,8,16,4,4+,false,false,6,mid,15,15,23.5,false,false,4,97.6,11.4,0.114,8.8,7.1,3,3,0.413,0.558,9.2,0.43,0.577,0.543,0.096,0,0.612,0.558,0.0425531914893617,971.6,514.4,,0.339,,0.044,0.5,false,false,false,false,false,none
202607010210,2026-03-14,昇竜Ｓ,chukyo-dirt-1400-202607010210,中京,chukyo,Dirt,1400,OP,10,special,true,false,false,12,1,2023105106,アルデトップガン,菊沢,Nige,3,3,4,4+,false,false,9,longshot,31.2,31.2,39.9,false,false,7,70.3,7,0.07,14.3,4.5,10,10,0.352,0.493,15,0.356,0.461,0.382,0.056,0,0.4,0.493,0.025062656641604012,1404.3,738,,0.237,,0.178,-1.8,false,false,false,false,false,none
202607010210,2026-03-14,昇竜Ｓ,chukyo-dirt-1400-202607010210,中京,chukyo,Dirt,1400,OP,10,special,true,false,false,12,2,2023109164,アンヘリータス,浜中,Senko,5,5,12,4+,false,false,11,longshot,154.3,154.3,74.9,false,false,6,68.4,7.2,0.07200000000000001,13.9,5.9,12,12,0.332,0.472,27.2,0.341,0.447,0.372,0.045,0,0.4,0.472,0.02,2484.4,1284.9,,0.252,,0.192,0.1,false,false,false,false,false,none
202607010210,2026-03-14,昇竜Ｓ,chukyo-dirt-1400-202607010210,中京,chukyo,Dirt,1400,OP,10,special,true,false,false,12,3,2023106141,シュピラー,丸山,Sashi,2,2,7,4+,false,false,12,longshot,320.2,320.2,39.9,false,false,2,68,14.5,0.145,6.9,12,9,9,0.356,0.497,15,0.359,0.463,0.384,0.056,0,0.4,0.497,0.025062656641604012,1420.9,743.9,,0.234,,0.176,0.5,false,false,false,false,false,none
202607010210,2026-03-14,昇竜Ｓ,chukyo-dirt-1400-202607010210,中京,chukyo,Dirt,1400,OP,10,special,true,false,false,12,4,2023101452,スマートジュリアス,武豊,Oikomi,4,4,1,1,true,true,4,mid,8.6,8.6,3.1,false,false,3,67.5,12.1,0.121,8.3,-20.2,1,8,0.442,0.682,2.1,0.593,0.511,0.542,0.726,0,0.302,0.3,0.3225806451612903,136.9,142.3,,0,0.092,0.128,1,false,true,false,false,true,honmei
202607010210,2026-03-14,昇竜Ｓ,chukyo-dirt-1400-202607010210,中京,chukyo,Dirt,1400,OP,10,special,true,false,false,12,5,2023100267,ゼンカイナダル,三浦,Sashi,7,9,8,4+,false,false,3,top3,6.3,6.3,5.5,false,false,5,67.4,9.1,0.091,11,-9.1,3,5,0.409,0.603,2.9,0.487,0.553,0.47,0.409,0,0.545,0.308,0.18181818181818182,225.2,176.3,,0.106,,0.086,1.1,false,false,false,false,false,none
202607010210,2026-03-14,昇竜Ｓ,chukyo-dirt-1400-202607010210,中京,chukyo,Dirt,1400,OP,10,special,true,false,false,12,6,2023104562,テーオーグレーザー,戸崎圭,Nige,1,1,2,2-3,false,true,6,mid,11.1,11.1,5.5,false,false,10,68.6,4.3,0.043,23.3,-13.9,4,7,0.4,0.594,2.9,0.481,0.541,0.466,0.409,0,0.526,0.302,0.18181818181818182,220,173.6,,0.112,,0.098,-0.1,false,false,false,false,false,none
202607010210,2026-03-14,昇竜Ｓ,chukyo-dirt-1400-202607010210,中京,chukyo,Dirt,1400,OP,10,special,true,false,false,12,7,2023110085,ナルキッソス,松山,Senko,8,12,11,4+,false,false,8,longshot,30.3,30.3,8.2,false,false,8,68.2,4.9,0.049,20.4,-7.3,6,2,0.383,0.557,3.9,0.434,0.625,0.435,0.274,0,0.821,0.31,0.12195121951219513,314.3,215.5,,0.159,,0.014,0.3,false,false,false,false,false,none
202607010210,2026-03-14,昇竜Ｓ,chukyo-dirt-1400-202607010210,中京,chukyo,Dirt,1400,OP,10,special,true,false,false,12,8,2023103365,ヘリテージブルーム,川田,Oikomi,6,7,8,4+,false,false,2,top3,4.3,4.3,5.1,false,false,4,68.4,12.1,0.121,8.3,-7.5,2,6,0.418,0.616,2.8,0.501,0.548,0.48,0.441,0,0.511,0.302,0.19607843137254904,213.2,171.5,,0.092,0.092,0.091,0.1,false,false,true,false,true,opponent
202607010210,2026-03-14,昇竜Ｓ,chukyo-dirt-1400-202607010210,中京,chukyo,Dirt,1400,OP,10,special,true,false,false,12,9,2023106298,ホウショウルクス,松若,Sashi,6,8,6,4+,false,false,10,longshot,111.2,111.2,54.9,false,false,1,68.5,16.6,0.166,6,14.8,11,11,0.351,0.491,20.2,0.353,0.459,0.38,0.045,0,0.4,0.491,0.02,1928.2,991.9,,0.24,,0.18,0,true,false,false,false,false,none
202607010210,2026-03-14,昇竜Ｓ,chukyo-dirt-1400-202607010210,中京,chukyo,Dirt,1400,OP,10,special,true,false,false,12,10,2023105092,マジッククッキー,上里,Senko,7,10,5,4+,false,false,1,top3,2.3,2.3,7,false,false,11,68.8,4,0.04,25,-10.3,5,3,0.391,0.572,3.5,0.452,0.588,0.447,0.321,0,0.695,0.305,0.14285714285714285,274,197.3,,0.141,,0.051,-0.3,false,false,false,false,false,none
202607010210,2026-03-14,昇竜Ｓ,chukyo-dirt-1400-202607010210,中京,chukyo,Dirt,1400,OP,10,special,true,false,false,12,11,2023103087,ライトオブヌカタ,岩田望,Nige,8,11,10,4+,false,false,5,mid,9.5,9.5,12.4,false,false,12,69.2,3.9,0.039,25.6,-4.2,7,1,0.372,0.532,5.3,0.402,0.639,0.413,0.181,0,0.89,0.355,0.08064516129032258,461.4,283.9,,0.191,0.015,0,-0.7,false,false,false,true,true,wide
202607010210,2026-03-14,昇竜Ｓ,chukyo-dirt-1400-202607010210,中京,chukyo,Dirt,1400,OP,10,special,true,false,false,12,12,2023100670,ルクスレイモンド,ディー,Senko,5,6,3,2-3,false,true,7,longshot,24.3,24.3,19.9,false,true,9,68.4,4.4,0.044000000000000004,22.7,-0.6,8,4,0.358,0.507,8,0.375,0.57,0.395,0.113,0,0.703,0.456,0.05025125628140704,711.7,404.1,,0.218,,0.069,0.1,false,false,false,false,false,none
202607010211,2026-03-14,金鯱賞,chukyo-turf-2000-202607010211,中京,chukyo,Turf,2000,G2,11,special,true,false,false,15,1,,ドゥラドーレス,戸崎圭,Senko,1,,,missing,false,false,,unknown,8.3,,8.3,false,false,3,97.9,10.7,0.107,9.3,-1.3,2,1,0.466,0.635,3.9,0.51,0.732,0.6,0.271,0,0.992,0.355,0.12048192771084336,386.9,248,,0.196,0.196,0,-1,false,false,true,false,true,opponent
202607010211,2026-03-14,金鯱賞,chukyo-turf-2000-202607010211,中京,chukyo,Turf,2000,G2,11,special,true,false,false,15,15,2019105556,ドゥラドーレス,戸崎圭,Senko,1,1,5,4+,false,false,2,top3,5.6,5.6,8.3,false,false,5,97.9,10.2,0.102,9.8,-1.8,3,2,0.465,0.634,3.9,0.509,0.731,0.599,0.271,0,0.992,0.355,0.12048192771084336,385.7,247.4,,0.197,0.008,0.001,-1,false,false,false,true,true,wide
202607010211,2026-03-14,金鯱賞,chukyo-turf-2000-202607010211,中京,chukyo,Turf,2000,G2,11,special,true,false,false,15,2,2021100913,ジューンテイク,武豊,Senko,2,2,4,4+,false,false,5,mid,7.7,7.7,6.8,false,false,9,76.8,2.4,0.024,41.7,-12.3,5,7,0.418,0.598,3.4,0.472,0.618,0.464,0.331,0,0.73,0.328,0.14705882352941177,284.1,202.3,,0.234,,0.114,20.1,false,false,false,false,false,none
202607010211,2026-03-14,金鯱賞,chukyo-turf-2000-202607010211,中京,chukyo,Turf,2000,G2,11,special,true,false,false,15,3,2022103995,ジョバンニ,松山,Nige,3,3,2,2-3,false,true,6,mid,8.7,8.7,9.5,false,false,10,72.8,2.4,0.024,41.7,-8.1,8,4,0.397,0.564,4.3,0.436,0.681,0.45,0.237,0,0.962,0.339,0.10526315789473684,376.9,243.8,,0.27,,0.051,24.1,false,false,false,false,false,none
202607010211,2026-03-14,金鯱賞,chukyo-turf-2000-202607010211,中京,chukyo,Turf,2000,G2,11,special,true,false,false,15,4,2021105436,アーバンシック,三浦,Sashi,3,4,14,4+,false,false,7,longshot,11.9,11.9,14.5,false,false,11,61,2.4,0.024,41.7,-4.5,11,8,0.332,0.489,6.1,0.362,0.597,0.351,0.155,0,0.837,0.348,0.06896551724137931,480.9,297.2,,0.344,,0.135,35.9,false,false,false,false,false,none
202607010211,2026-03-14,金鯱賞,chukyo-turf-2000-202607010211,中京,chukyo,Turf,2000,G2,11,special,true,false,false,15,5,2021104324,ディマイザキッド,柴田善,Oikomi,4,5,7,4+,false,false,10,longshot,35,35,25.2,false,false,4,93.1,10.3,0.10300000000000001,9.7,6.3,9,11,0.424,0.567,9.8,0.423,0.568,0.487,0.089,0,0.57,0.567,0.03968253968253968,1068.7,556.6,,0.283,,0.164,3.8,false,false,false,false,false,none
202607010211,2026-03-14,金鯱賞,chukyo-turf-2000-202607010211,中京,chukyo,Turf,2000,G2,11,special,true,false,false,15,6,2021106738,ヴィレム,ディー,Senko,4,6,6,4+,false,false,3,top3,6.4,6.4,9,false,false,6,96.6,8.1,0.081,12.3,-3,4,3,0.462,0.628,4.2,0.5,0.723,0.587,0.25,0,0.975,0.367,0.1111111111111111,415.5,260.4,,0.206,,0.009,0.3,false,false,false,false,false,none
202607010211,2026-03-14,金鯱賞,chukyo-turf-2000-202607010211,中京,chukyo,Turf,2000,G2,11,special,true,false,false,15,7,2020100254,ニシノレヴナント,野中,Oikomi,5,7,12,4+,false,false,13,longshot,102.5,102.5,22.9,false,false,13,64.4,2.4,0.024,41.7,-2,13,12,0.334,0.483,9,0.352,0.533,0.359,0.098,0,0.628,0.481,0.04366812227074236,765.3,435.2,,0.354,,0.199,32.5,false,false,false,false,false,none
202607010211,2026-03-14,金鯱賞,chukyo-turf-2000-202607010211,中京,chukyo,Turf,2000,G2,11,special,true,false,false,15,8,2017104756,アラタ,横山典,Senko,5,8,10,4+,false,false,14,longshot,142.3,142.3,77.6,false,false,14,48.2,2.4,0.024,41.7,1.1,15,15,0.26,0.404,28.2,0.287,0.403,0.29,0.045,0,0.4,0.404,0.02,2018.4,1137.9,,0.419,,0.329,48.7,false,false,false,false,false,none
202607010211,2026-03-14,金鯱賞,chukyo-turf-2000-202607010211,中京,chukyo,Turf,2000,G2,11,special,true,false,false,15,9,2020103101,シェイクユアハート,古川吉,Sashi,6,9,1,1,true,true,8,longshot,13.5,13.5,13.8,false,true,1,96.9,19,0.19,5.3,11.8,6,5,0.45,0.603,5.8,0.466,0.676,0.548,0.163,0,0.855,0.447,0.07246376811594203,621.1,351.5,,0.24,,0.056,0,true,false,false,false,false,none
202607010211,2026-03-14,金鯱賞,chukyo-turf-2000-202607010211,中京,chukyo,Turf,2000,G2,11,special,true,false,false,15,10,2021103975,セキトバイースト,浜中,Senko,6,10,11,4+,false,false,9,longshot,24.8,24.8,16,false,false,7,97.2,8,0.08,12.5,1.7,7,6,0.447,0.597,6.6,0.453,0.656,0.52,0.141,0,0.8,0.48,0.0625,715.7,393.9,,0.253,,0.076,-0.3,false,false,false,false,false,none
202607010211,2026-03-14,金鯱賞,chukyo-turf-2000-202607010211,中京,chukyo,Turf,2000,G2,11,special,true,false,false,15,11,2019104828,キングズパレス,菊沢,Sashi,7,11,8,4+,false,false,11,longshot,73.5,73.5,100.9,false,false,8,84.4,2.9,0.028999999999999998,34.5,1.9,10,13,0.377,0.515,36.3,0.382,0.475,0.46,0.045,0,0.4,0.515,0.02,3804.2,1870.9,,0.324,,0.257,12.5,false,false,false,false,false,none
202607010211,2026-03-14,金鯱賞,chukyo-turf-2000-202607010211,中京,chukyo,Turf,2000,G2,11,special,true,false,false,15,12,2021105414,クイーンズウォーク,川田,Sashi,7,12,3,2-3,false,true,1,top3,3.6,3.6,2.5,true,false,2,95.5,14.1,0.141,7.1,-25.9,1,9,0.533,0.796,1.9,0.706,0.591,0.667,0.9,0,0.352,0.3,0.4,133.3,149.3,,0,0.196,0.141,1.4,false,true,false,false,true,honmei
202607010211,2026-03-14,金鯱賞,chukyo-turf-2000-202607010211,中京,chukyo,Turf,2000,G2,11,special,true,false,false,15,13,2020103941,ホウオウビスケッツ,岩田望,Oikomi,8,13,12,4+,false,false,4,mid,7.3,7.3,18.6,false,false,12,65.8,2.4,0.024,41.7,-3,12,10,0.339,0.491,7.5,0.355,0.569,0.335,0.121,0,0.735,0.417,0.05376344086021505,630.4,368.6,,0.351,,0.163,31.1,false,false,false,false,false,none
202607010211,2026-03-14,金鯱賞,chukyo-turf-2000-202607010211,中京,chukyo,Turf,2000,G2,11,special,true,false,false,15,14,2021105541,サフィラ,丸山,Senko,8,14,9,4+,false,false,12,longshot,88.9,88.9,108.1,false,false,15,74.5,2.4,0.024,41.7,1.5,14,14,0.347,0.487,38.8,0.344,0.456,0.349,0.045,0,0.4,0.487,0.02,3750.3,1889.6,,0.362,,0.276,22.4,false,false,false,false,false,none
202609010711,2026-03-14,コーラルステークス,hanshin-dirt-1400-202609010711,阪神,hanshin,Dirt,1400,L,11,special,true,false,false,14,1,,ビダーヤ,坂井,Senko,1,,,missing,false,false,,unknown,3.2,,3.2,false,false,2,93.3,15.3,0.153,6.5,-16,1,7,0.495,0.729,2.1,0.644,0.568,0.687,0.703,0,0.39,0.3,0.3125,158.3,154.6,,0,0.001,0.168,2.9,false,true,false,false,true,honmei
202609010711,2026-03-14,コーラルステークス,hanshin-dirt-1400-202609010711,阪神,hanshin,Dirt,1400,L,11,special,true,false,false,14,14,2021105537,ビダーヤ,坂井,Senko,1,1,2,2-3,false,true,1,top3,2.5,2.5,3.2,true,false,4,93.3,12.4,0.124,8.1,-18.9,2,8,0.493,0.728,2.1,0.643,0.566,0.686,0.703,0,0.388,0.3,0.3125,157.9,154.4,,0.001,0.001,0.17,2.9,false,false,true,false,true,opponent
202609010711,2026-03-14,コーラルステークス,hanshin-dirt-1400-202609010711,阪神,hanshin,Dirt,1400,L,11,special,true,false,false,14,2,2019101975,ナムラフランク,菱田,Nige,2,2,12,4+,false,false,9,longshot,23,23,20.4,false,false,9,69.4,2.6,0.026000000000000002,38.5,-2.3,10,9,0.344,0.494,8.1,0.36,0.558,0.36,0.11,0,0.69,0.451,0.04901960784313726,702.3,402.3,,0.284,,0.178,26.8,false,false,false,false,false,none
202609010711,2026-03-14,コーラルステークス,hanshin-dirt-1400-202609010711,阪神,hanshin,Dirt,1400,L,11,special,true,false,false,14,3,2022102493,トリリオンボーイ,団野,Sashi,3,3,10,4+,false,false,10,longshot,36.2,36.2,21.2,false,false,10,61.8,2.6,0.026000000000000002,38.5,-2.1,11,10,0.342,0.491,8.4,0.359,0.551,0.363,0.106,0,0.67,0.461,0.04716981132075472,724.9,413.7,,0.285,,0.185,34.4,false,false,false,false,false,none
202609010711,2026-03-14,コーラルステークス,hanshin-dirt-1400-202609010711,阪神,hanshin,Dirt,1400,L,11,special,true,false,false,14,4,2021100505,キタノズエッジ,古川吉,Sashi,4,4,3,2-3,false,true,3,top3,6,6,8.4,true,false,1,96.2,23.5,0.235,4.3,11.6,4,1,0.475,0.643,3.9,0.508,0.736,0.573,0.268,0,0.99,0.357,0.11904761904761904,399,253.3,,0.136,0.03,0,0,true,false,false,true,true,wide
202609010711,2026-03-14,コーラルステークス,hanshin-dirt-1400-202609010711,阪神,hanshin,Dirt,1400,L,11,special,true,false,false,14,5,2019100252,マルモリスペシャル,田口,Oikomi,4,5,6,4+,false,false,12,longshot,56.1,56.1,47.2,false,false,12,73,2.6,0.026000000000000002,38.5,0.5,9,12,0.367,0.506,17.5,0.367,0.469,0.409,0.048,0,0.4,0.506,0.0211864406779661,1730.3,885.9,,0.277,,0.267,23.2,false,false,false,false,false,none
202609010711,2026-03-14,コーラルステークス,hanshin-dirt-1400-202609010711,阪神,hanshin,Dirt,1400,L,11,special,true,false,false,14,6,2020102045,フェルヴェンテ,岩田望,Sashi,5,6,8,4+,false,false,5,mid,14.2,14.2,8.7,false,false,8,82,3.6,0.036000000000000004,27.8,-7.9,6,2,0.425,0.594,4,0.477,0.706,0.557,0.259,0,0.982,0.356,0.1149425287356322,369.8,240.3,,0.167,,0.03,14.2,false,false,false,false,false,none
202609010711,2026-03-14,コーラルステークス,hanshin-dirt-1400-202609010711,阪神,hanshin,Dirt,1400,L,11,special,true,false,false,14,7,2021110148,ノーブルロジャー,石川,Sashi,5,7,4,4+,false,false,6,mid,15.1,15.1,10.7,false,false,7,82.6,5.3,0.053,18.9,-4,8,4,0.429,0.59,4.7,0.453,0.689,0.483,0.21,0,0.933,0.385,0.09345794392523366,458.7,279.9,,0.191,,0.047,13.6,false,false,false,false,false,none
202609010711,2026-03-14,コーラルステークス,hanshin-dirt-1400-202609010711,阪神,hanshin,Dirt,1400,L,11,special,true,false,false,14,8,2021103786,ヒルノドゴール,松山,Nige,6,8,9,4+,false,false,7,longshot,16.3,16.3,11.3,false,false,3,96.2,13.2,0.132,7.6,4.4,7,3,0.445,0.603,5,0.472,0.693,0.553,0.199,0,0.918,0.405,0.08849557522123894,502.5,299,,0.172,,0.043,0,false,false,false,false,false,none
202609010711,2026-03-14,コーラルステークス,hanshin-dirt-1400-202609010711,阪神,hanshin,Dirt,1400,L,11,special,true,false,false,14,9,2020103325,プロトポロス,国分優,Senko,6,9,11,4+,false,false,11,longshot,51.6,51.6,34.2,false,false,11,62,2.6,0.026000000000000002,38.5,-0.3,12,13,0.32,0.465,13,0.333,0.442,0.34,0.066,0,0.4,0.465,0.029239766081871343,1095.7,602.6,,0.311,,0.294,34.2,false,false,false,false,false,none
202609010711,2026-03-14,コーラルステークス,hanshin-dirt-1400-202609010711,阪神,hanshin,Dirt,1400,L,11,special,true,false,false,14,10,2022110140,ポールセン,北村友,Nige,7,10,5,4+,false,false,8,longshot,17,17,17.1,false,false,13,43.6,2.5,0.025,40,-3.3,13,11,0.263,0.42,7,0.312,0.533,0.307,0.132,0,0.773,0.322,0.05847953216374269,449,293.3,,0.332,,0.203,52.6,false,false,false,false,false,none
202609010711,2026-03-14,コーラルステークス,hanshin-dirt-1400-202609010711,阪神,hanshin,Dirt,1400,L,11,special,true,false,false,14,11,2021103282,ジャスティンアース,吉村,Oikomi,7,11,1,1,true,true,2,top3,5.5,5.5,5.6,true,false,5,85.1,5.9,0.059000000000000004,16.9,-12,3,6,0.461,0.651,3,0.528,0.62,0.552,0.402,0,0.661,0.31,0.17857142857142858,258.3,192.6,,0.116,,0.116,11.1,false,false,false,false,false,none
202609010711,2026-03-14,コーラルステークス,hanshin-dirt-1400-202609010711,阪神,hanshin,Dirt,1400,L,11,special,true,false,false,14,12,2021106658,ストレングス,武豊,Senko,8,12,13,4+,false,false,4,mid,7.6,7.6,7.6,false,false,6,88.4,5.4,0.054000000000000006,18.5,-7.8,5,5,0.442,0.616,3.7,0.495,0.687,0.56,0.296,0,0.897,0.343,0.13157894736842105,336.2,225.6,,0.149,,0.049,7.8,false,false,false,false,false,none
202609010711,2026-03-14,コーラルステークス,hanshin-dirt-1400-202609010711,阪神,hanshin,Dirt,1400,L,11,special,true,false,false,14,13,2021101478,ダノンザボルケーノ,幸,Nige,8,13,7,4+,false,false,13,longshot,79.9,79.9,61.3,false,false,14,48.4,2.5,0.025,40,0.9,14,14,0.28,0.423,22.5,0.302,0.415,0.313,0.045,0,0.4,0.423,0.02,1716.9,950,,0.342,,0.321,47.8,false,false,false,false,false,none
202609010811,2026-03-14,米子城Ｓ,hanshin-turf-1200-202609010811,阪神,hanshin,Turf,1200,OP,11,special,true,false,false,16,1,2021102315,アスクワンタイム,西塚,Sashi,4,8,3,2-3,false,true,2,top3,6.7,6.7,3.4,true,false,2,68.1,16.8,0.168,6,-12.6,1,12,0.443,0.673,2.2,0.576,0.519,0.53,0.662,0,0.339,0.3,0.29411764705882354,150.5,147.5,,0,0.09,0.154,1,false,true,false,false,true,honmei
202609010811,2026-03-14,米子城Ｓ,hanshin-turf-1200-202609010811,阪神,hanshin,Turf,1200,OP,11,special,true,false,false,16,2,2021104955,イフェイオン,北村友,Sashi,1,1,10,4+,false,false,9,longshot,18.5,18.5,19.8,false,false,1,69.1,21,0.21,4.8,15.9,9,6,0.38,0.528,7.9,0.388,0.585,0.404,0.114,0,0.705,0.475,0.050505050505050504,752,419.1,,0.188,,0.088,0,true,false,false,false,false,none
202609010811,2026-03-14,米子城Ｓ,hanshin-turf-1200-202609010811,阪神,hanshin,Turf,1200,OP,11,special,true,false,false,16,3,2019100214,ウインモナーク,松岡,Nige,3,6,4,4+,false,false,10,longshot,24.5,24.5,35,false,false,16,67.8,2.3,0.023,43.5,-0.6,14,15,0.339,0.482,13.3,0.351,0.453,0.378,0.064,0,0.4,0.482,0.02857142857142857,1186.9,638.9,,0.225,,0.22,1.3,false,false,false,false,false,none
202609010811,2026-03-14,米子城Ｓ,hanshin-turf-1200-202609010811,阪神,hanshin,Turf,1200,OP,11,special,true,false,false,16,4,2021104556,カルチャーデイ,酒井,Senko,4,7,12,4+,false,false,1,top3,3.3,3.3,6,false,false,7,67.8,2.7,0.027000000000000003,37,-14,3,10,0.388,0.577,3.1,0.465,0.544,0.456,0.375,0,0.564,0.294,0.16666666666666666,233,179,,0.111,,0.129,1.3,false,false,false,false,false,none
202609010811,2026-03-14,米子城Ｓ,hanshin-turf-1200-202609010811,阪神,hanshin,Turf,1200,OP,11,special,true,false,false,16,5,2021100494,ガロンヌ,小沢,Nige,5,10,5,4+,false,false,12,longshot,32.6,32.6,24.8,false,false,15,67.9,2.3,0.023,43.5,-1.7,12,11,0.346,0.493,9.7,0.362,0.523,0.386,0.091,0,0.58,0.493,0.04032258064516129,857.5,476.8,,0.214,,0.15,1.2,false,false,false,false,false,none
202609010811,2026-03-14,米子城Ｓ,hanshin-turf-1200-202609010811,阪神,hanshin,Turf,1200,OP,11,special,true,false,false,16,6,2020101543,グランテスト,田口,Nige,7,13,13,4+,false,false,4,mid,8.8,8.8,12.6,false,false,12,68,2.5,0.025,40,-5.4,7,3,0.365,0.524,5.4,0.397,0.633,0.41,0.179,0,0.885,0.351,0.07936507936507936,459.8,283.7,,0.179,,0.04,1.1,false,false,false,false,false,none
202609010811,2026-03-14,米子城Ｓ,hanshin-turf-1200-202609010811,阪神,hanshin,Turf,1200,OP,11,special,true,false,false,16,7,2021100522,ジョーメッドヴィン,鮫島駿,Sashi,5,9,9,4+,false,false,5,mid,10,10,5.8,false,false,3,68.5,12.5,0.125,8,-4.7,2,8,0.418,0.607,3,0.486,0.575,0.47,0.388,0,0.6,0.313,0.1724137931034483,242.3,184,,0.09,0.09,0.098,0.6,false,false,true,false,true,opponent
202609010811,2026-03-14,米子城Ｓ,hanshin-turf-1200-202609010811,阪神,hanshin,Turf,1200,OP,11,special,true,false,false,16,8,2020103962,ステークホルダー,富田,Senko,8,16,8,4+,false,false,15,longshot,60.7,60.7,93.6,false,false,9,68.7,2.7,0.027000000000000003,37,1.6,16,16,0.325,0.466,33.8,0.337,0.443,0.369,0.045,0,0.4,0.466,0.02,3042.1,1572.4,,0.239,,0.23,0.4,false,false,false,false,false,none
202609010811,2026-03-14,米子城Ｓ,hanshin-turf-1200-202609010811,阪神,hanshin,Turf,1200,OP,11,special,true,false,false,16,9,2019105459,ソウテン,吉村,Sashi,8,15,15,4+,false,false,6,mid,10.1,10.1,9.9,false,false,5,67.1,10.5,0.105,9.5,0.4,5,1,0.391,0.557,4.5,0.426,0.673,0.429,0.227,0,0.952,0.338,0.10101010101010101,386.8,248.5,,0.15,0.037,0,2,false,false,false,true,true,wide
202609010811,2026-03-14,米子城Ｓ,hanshin-turf-1200-202609010811,阪神,hanshin,Turf,1200,OP,11,special,true,false,false,16,10,2020105400,タマモブラックタイ,幸,Senko,6,12,1,1,true,true,11,longshot,27.8,27.8,18.5,false,true,13,68,2.5,0.025,40,-2.9,10,7,0.354,0.505,7.5,0.375,0.579,0.395,0.122,0,0.737,0.43,0.05405405405405406,655.2,377.8,,0.201,,0.094,1.1,false,false,false,false,false,none
202609010811,2026-03-14,米子城Ｓ,hanshin-turf-1200-202609010811,阪神,hanshin,Turf,1200,OP,11,special,true,false,false,16,11,2019103422,テイエムスパーダ,斎藤,Senko,2,4,6,4+,false,false,3,top3,8.8,8.8,8.1,false,false,14,68.9,2.4,0.024,41.7,-9.9,4,5,0.381,0.555,3.8,0.434,0.617,0.435,0.278,0,0.804,0.307,0.1234567901234568,308.5,212.8,,0.142,,0.056,0.2,false,false,false,false,false,none
202609010811,2026-03-14,米子城Ｓ,hanshin-turf-1200-202609010811,阪神,hanshin,Turf,1200,OP,11,special,true,false,false,16,12,2019104911,プルパレイ,田山,Senko,7,14,2,2-3,false,true,13,longshot,46,46,21.5,false,true,8,69.5,2.7,0.027000000000000003,37,-2,11,9,0.357,0.505,8.5,0.372,0.558,0.393,0.105,0,0.663,0.48,0.046511627906976744,767,430.7,,0.204,,0.115,-0.4,false,false,false,false,false,none
202609010811,2026-03-14,米子城Ｓ,hanshin-turf-1200-202609010811,阪神,hanshin,Turf,1200,OP,11,special,true,false,false,16,13,2018102155,マイネルジェロディ,国分優,Sashi,3,5,14,4+,false,false,16,longshot,106.9,106.9,126,false,false,4,68.1,11.3,0.113,8.8,10.5,15,14,0.344,0.484,45.1,0.348,0.454,0.377,0.045,0,0.4,0.484,0.02,4334,2181.8,,0.228,,0.219,1,false,false,false,false,false,none
202609010811,2026-03-14,米子城Ｓ,hanshin-turf-1200-202609010811,阪神,hanshin,Turf,1200,OP,11,special,true,false,false,16,14,2019103714,メイショウソラフネ,高杉,Senko,6,11,7,4+,false,false,7,longshot,12.2,12.2,13.7,false,false,11,68.4,2.6,0.026000000000000002,38.5,-4.7,8,4,0.363,0.52,5.8,0.392,0.623,0.406,0.164,0,0.857,0.365,0.07299270072992702,497.3,301.5,,0.184,,0.05,0.7,false,false,false,false,false,none
202609010811,2026-03-14,米子城Ｓ,hanshin-turf-1200-202609010811,阪神,hanshin,Turf,1200,OP,11,special,true,false,false,16,15,2020103517,レッドシュヴェルト,菱田,Senko,2,3,11,4+,false,false,8,longshot,14.4,14.4,12,false,false,10,67.6,2.6,0.026000000000000002,38.5,-5.7,6,2,0.362,0.523,5.2,0.398,0.637,0.41,0.188,0,0.9,0.34,0.08333333333333333,434.5,272,,0.178,,0.036,1.5,false,false,false,false,false,none
202609010811,2026-03-14,米子城Ｓ,hanshin-turf-1200-202609010811,阪神,hanshin,Turf,1200,OP,11,special,true,false,false,16,16,,ロンドンプラン,荻野琢,Senko,16,,,missing,false,false,,unknown,35,,35,false,false,6,68.6,2.8,0.027999999999999997,35.7,-0.1,13,13,0.342,0.485,13.3,0.352,0.455,0.38,0.064,0,0.4,0.485,0.02857142857142857,1196.9,642.5,,0.224,,0.218,0.5,false,false,false,false,false,none
202606020711,2026-03-21,フラワーＣ,nakayama-turf-1800-202606020711,中山,nakayama,Turf,1800,G3,11,special,true,false,false,16,1,2023103342,エアビーアゲイル,岩田望,Sashi,1,1,11,4+,false,false,5,mid,10.1,10.1,10.1,false,false,9,80,2.4,0.024,41.7,-7.5,6,2,0.403,0.568,4.5,0.46,0.679,0.57,0.223,0,0.948,0.353,0.09900990099009901,407.2,257.4,,0.231,,0.006,16,false,false,false,false,false,none
202606020711,2026-03-21,フラワーＣ,nakayama-turf-1800-202606020711,中山,nakayama,Turf,1800,G3,11,special,true,false,false,16,2,2023103885,ナックホワイト,大野,Sashi,1,2,8,4+,false,false,15,longshot,136.8,136.8,136.8,false,false,8,83.8,3.2,0.032,31.3,2.5,13,13,0.369,0.508,48.9,0.387,0.47,0.505,0.045,0,0.4,0.508,0.02,5050.8,2481.9,,0.304,,0.215,12.2,false,false,false,false,false,none
202606020711,2026-03-21,フラワーＣ,nakayama-turf-1800-202606020711,中山,nakayama,Turf,1800,G3,11,special,true,false,false,16,3,2023107159,ゴディアーモ,津村,Sashi,2,3,7,4+,false,false,2,top3,3.9,3.9,3.9,false,false,12,78.5,2.3,0.023,43.5,-23.3,2,7,0.439,0.656,2.4,0.579,0.529,0.659,0.577,0,0.395,0.3,0.25641025641025644,171.1,155.3,,0.112,0.111,0.156,17.5,false,false,true,false,true,opponent
202606020711,2026-03-21,フラワーＣ,nakayama-turf-1800-202606020711,中山,nakayama,Turf,1800,G3,11,special,true,false,false,16,4,2023106457,ヒルデグリム,柴田大,Nige,2,4,16,4+,false,false,16,longshot,402.8,402.8,402.8,false,false,11,78.2,2.4,0.024,41.7,2.2,14,14,0.351,0.491,142,0.357,0.459,0.403,0.045,0,0.4,0.491,0.02,14153.4,6968.5,,0.334,,0.226,17.8,false,false,false,false,false,none
202606020711,2026-03-21,フラワーＣ,nakayama-turf-1800-202606020711,中山,nakayama,Turf,1800,G3,11,special,true,false,false,16,5,2023102091,クリスレジーナ,鮫島駿,Nige,3,5,10,4+,false,false,7,longshot,19,19,19,false,false,14,69.3,2.3,0.023,43.5,-3,8,5,0.366,0.516,7.7,0.41,0.582,0.545,0.118,0,0.725,0.449,0.05263157894736842,695,394.7,,0.281,,0.103,26.7,false,false,false,false,false,none
202606020711,2026-03-21,フラワーＣ,nakayama-turf-1800-202606020711,中山,nakayama,Turf,1800,G3,11,special,true,false,false,16,6,2023102584,ラコンチャビエン,松本,Senko,3,6,15,4+,false,false,11,longshot,83.8,83.8,83.8,false,false,6,83.3,5.1,0.051,19.6,3.9,12,12,0.379,0.517,30.3,0.394,0.476,0.515,0.045,0,0.4,0.517,0.02,3179.5,1569.4,,0.297,,0.209,12.7,false,false,false,false,false,none
202606020711,2026-03-21,フラワーＣ,nakayama-turf-1800-202606020711,中山,nakayama,Turf,1800,G3,11,special,true,false,false,16,7,2023107071,アーリーハーベスト,松岡,Sashi,4,7,6,4+,false,false,12,longshot,99.4,99.4,99.4,false,false,5,88.4,8.1,0.081,12.3,7.1,9,10,0.386,0.524,35.8,0.399,0.48,0.523,0.045,0,0.4,0.524,0.02,3837.5,1874.5,,0.292,,0.205,7.6,false,false,false,false,false,none
202606020711,2026-03-21,フラワーＣ,nakayama-turf-1800-202606020711,中山,nakayama,Turf,1800,G3,11,special,true,false,false,16,8,2023107030,イクシード,ルメー,Nige,4,8,3,2-3,false,true,1,top3,2.7,2.7,2.7,true,false,7,85,4.5,0.045,22.2,-32.5,1,6,0.507,0.762,1.9,0.691,0.569,0.733,0.833,0,0.344,0.3,0.37037037037037035,137,148.1,,0,0.111,0.116,11,false,true,false,false,true,honmei
202606020711,2026-03-21,フラワーＣ,nakayama-turf-1800-202606020711,中山,nakayama,Turf,1800,G3,11,special,true,false,false,16,9,2023107244,ヴィスコンテッサ,石川,Sashi,5,9,12,4+,false,false,8,longshot,32.6,32.6,32.6,false,false,15,68.6,2.3,0.023,43.5,-0.8,15,15,0.343,0.486,12.4,0.352,0.456,0.369,0.069,0,0.4,0.486,0.03067484662576687,1117.4,603.6,,0.339,,0.229,27.4,false,false,false,false,false,none
202606020711,2026-03-21,フラワーＣ,nakayama-turf-1800-202606020711,中山,nakayama,Turf,1800,G3,11,special,true,false,false,16,10,2023107079,スマートプリエール,原,Sashi,5,10,1,1,true,true,6,mid,12.8,12.8,12.8,false,false,1,96,24.3,0.243,4.1,16.5,5,1,0.453,0.608,5.5,0.47,0.685,0.548,0.176,0,0.88,0.43,0.078125,580.2,333.2,,0.221,0.006,0,0,true,false,false,true,true,wide
202606020711,2026-03-21,フラワーＣ,nakayama-turf-1800-202606020711,中山,nakayama,Turf,1800,G3,11,special,true,false,false,16,11,2023105246,ロンギングセリーヌ,石橋脩,Oikomi,6,11,2,2-3,false,true,9,longshot,55.4,55.4,55.4,false,true,10,82.5,2.4,0.024,41.7,0.6,11,11,0.38,0.518,20.4,0.397,0.477,0.524,0.045,0,0.4,0.518,0.02,2106.1,1056.5,,0.294,,0.208,13.5,false,false,false,false,false,none
202606020711,2026-03-21,フラワーＣ,nakayama-turf-1800-202606020711,中山,nakayama,Turf,1800,G3,11,special,true,false,false,16,12,2023102906,バースデイフライト,岩田康,Sashi,6,12,9,4+,false,false,13,longshot,101.8,101.8,101.8,false,false,3,91.6,10.6,0.106,9.4,9.6,10,9,0.399,0.536,36.6,0.398,0.489,0.484,0.045,0,0.4,0.536,0.02,4063.8,1964.2,,0.293,,0.196,4.4,false,false,false,false,false,none
202606020711,2026-03-21,フラワーＣ,nakayama-turf-1800-202606020711,中山,nakayama,Turf,1800,G3,11,special,true,false,false,16,13,2023105807,アメティスタ,西村淳,Senko,7,13,4,4+,false,false,3,top3,6.3,6.3,6.3,false,false,4,87.1,8.8,0.08800000000000001,11.4,-7.1,3,4,0.446,0.629,3.2,0.523,0.633,0.617,0.357,0,0.726,0.322,0.15873015873015872,281,201.7,,0.168,,0.052,8.9,false,false,false,false,false,none
202606020711,2026-03-21,フラワーＣ,nakayama-turf-1800-202606020711,中山,nakayama,Turf,1800,G3,11,special,true,false,false,16,14,2023103371,カラペルソナ,佐々木,Oikomi,7,14,5,4+,false,false,4,mid,7.5,7.5,7.5,false,false,13,82.8,2.3,0.023,43.5,-11,4,3,0.418,0.593,3.6,0.484,0.648,0.565,0.3,0,0.822,0.335,0.13333333333333333,313.2,215.1,,0.207,,0.037,13.2,false,false,false,false,false,none
202606020711,2026-03-21,フラワーＣ,nakayama-turf-1800-202606020711,中山,nakayama,Turf,1800,G3,11,special,true,false,false,16,15,2023105259,リュクスパトロール,田辺,Senko,8,15,13,4+,false,false,14,longshot,134.1,134.1,134.1,false,false,16,69.1,2.3,0.023,43.5,1.6,16,16,0.322,0.463,47.9,0.33,0.441,0.345,0.045,0,0.4,0.463,0.02,4320.3,2219.7,,0.361,,0.244,26.9,false,false,false,false,false,none
202606020711,2026-03-21,フラワーＣ,nakayama-turf-1800-202606020711,中山,nakayama,Turf,1800,G3,11,special,true,false,false,16,16,2023107353,コズミックボックス,戸崎圭,Sashi,8,16,14,4+,false,false,10,longshot,67.6,67.6,67.6,false,false,2,93.8,16.8,0.168,6,15.3,7,8,0.411,0.548,24.7,0.413,0.496,0.526,0.045,0,0.4,0.548,0.02,2779.6,1350.4,,0.278,,0.189,2.2,false,false,false,false,false,none
202606020811,2026-03-21,千葉Ｓ,nakayama-dirt-1200-202606020811,中山,nakayama,Dirt,1200,OP,11,special,true,false,false,16,1,2018110126,ジャスパーゴールド,松岡,Sashi,1,1,6,4+,false,false,15,longshot,93.8,93.8,48.6,false,false,15,45.8,2.2,0.022000000000000002,45.5,0.1,15,15,0.276,0.419,18,0.297,0.413,0.296,0.046,0,0.4,0.419,0.0205761316872428,1341.6,755.4,,0.267,,0.311,50.2,false,false,false,false,false,none
202606020811,2026-03-21,千葉Ｓ,nakayama-dirt-1200-202606020811,中山,nakayama,Dirt,1200,OP,11,special,true,false,false,16,2,2018103105,テイエムトッキュウ,石橋脩,Sashi,1,2,16,4+,false,false,13,longshot,55.2,55.2,37.3,false,false,14,42,2.2,0.022000000000000002,45.5,-0.5,16,16,0.266,0.412,14.1,0.294,0.408,0.295,0.06,0,0.4,0.412,0.02680965147453083,990.6,578.6,,0.27,,0.316,54,false,false,false,false,false,none
202606020811,2026-03-21,千葉Ｓ,nakayama-dirt-1200-202606020811,中山,nakayama,Dirt,1200,OP,11,special,true,false,false,16,3,2021100653,アガシ,三浦,Oikomi,2,3,10,4+,false,false,9,longshot,20.1,20.1,15.4,false,false,4,93.6,11,0.11,9.1,4.5,6,5,0.445,0.595,6.4,0.46,0.659,0.552,0.146,0,0.815,0.468,0.06493506493506493,684.6,380.2,,0.104,,0.065,2.4,false,false,false,false,false,none
202606020811,2026-03-21,千葉Ｓ,nakayama-dirt-1200-202606020811,中山,nakayama,Dirt,1200,OP,11,special,true,false,false,16,4,2020101174,ユキマル,木幡巧,Senko,2,4,3,2-3,false,true,7,longshot,15.7,15.7,11.6,false,false,5,85.6,8.8,0.08800000000000001,11.4,0.2,8,3,0.432,0.59,5.1,0.447,0.683,0.464,0.194,0,0.91,0.4,0.08620689655172414,501,298.8,,0.117,,0.041,10.4,false,false,false,false,false,none
202606020811,2026-03-21,千葉Ｓ,nakayama-dirt-1200-202606020811,中山,nakayama,Dirt,1200,OP,11,special,true,false,false,16,5,2021100161,ロードフロンティア,原,Nige,3,5,15,4+,false,false,12,longshot,31.6,31.6,33.9,false,false,13,44.7,2.2,0.022000000000000002,45.5,-0.7,14,14,0.283,0.43,12.9,0.307,0.419,0.303,0.066,0,0.4,0.43,0.029498525073746312,961,552.7,,0.257,,0.305,51.3,false,false,false,false,false,none
202606020811,2026-03-21,千葉Ｓ,nakayama-dirt-1200-202606020811,中山,nakayama,Dirt,1200,OP,11,special,true,false,false,16,6,2021110008,ルディック,津村,Senko,3,6,9,4+,false,false,5,mid,12.3,12.3,7.4,false,false,1,96,23,0.23,4.3,9.5,3,2,0.473,0.646,3.6,0.522,0.719,0.604,0.304,0,0.943,0.34,0.13513513513513511,349.7,232,,0.042,,0.005,0,true,false,false,false,false,none
202606020811,2026-03-21,千葉Ｓ,nakayama-dirt-1200-202606020811,中山,nakayama,Dirt,1200,OP,11,special,true,false,false,16,7,2021104876,エートラックス,ルメー,Oikomi,4,7,11,4+,false,false,3,top3,7,7,7.3,false,false,9,69.5,2.3,0.023,43.5,-11.4,7,7,0.396,0.574,3.6,0.455,0.607,0.463,0.308,0,0.744,0.313,0.136986301369863,289.1,204.1,,0.109,,0.117,26.5,false,false,false,false,false,none
202606020811,2026-03-21,千葉Ｓ,nakayama-dirt-1200-202606020811,中山,nakayama,Dirt,1200,OP,11,special,true,false,false,16,8,2021102413,シークレットヴァウ,武藤,Nige,4,8,14,4+,false,false,14,longshot,83.6,83.6,32.3,false,false,12,59.7,2.3,0.023,43.5,-0.8,12,12,0.335,0.479,12.3,0.343,0.451,0.345,0.07,0,0.4,0.479,0.030959752321981428,1080.5,589,,0.221,,0.273,36.3,false,false,false,false,false,none
202606020811,2026-03-21,千葉Ｓ,nakayama-dirt-1200-202606020811,中山,nakayama,Dirt,1200,OP,11,special,true,false,false,16,9,2021100114,ブレーザー,荻野極,Nige,5,9,8,4+,false,false,4,mid,9.3,9.3,8.5,false,false,2,92.3,11.7,0.11699999999999999,8.5,-0.1,4,1,0.454,0.623,4,0.498,0.724,0.579,0.265,0,0.987,0.358,0.11764705882352941,386,247.5,,0.066,0.004,0,3.7,false,false,false,true,true,wide
202606020811,2026-03-21,千葉Ｓ,nakayama-dirt-1200-202606020811,中山,nakayama,Dirt,1200,OP,11,special,true,false,false,16,10,2022110137,ドラゴンウェルズ,戸崎圭,Sashi,5,10,1,1,true,true,2,top3,4,4,4.9,true,false,6,91.1,7.1,0.071,14.1,-13.3,1,8,0.475,0.673,2.7,0.564,0.607,0.624,0.459,0,0.591,0.3,0.2040816326530612,232.8,182.7,,0,0.017,0.117,4.9,false,true,false,false,true,honmei
202606020811,2026-03-21,千葉Ｓ,nakayama-dirt-1200-202606020811,中山,nakayama,Dirt,1200,OP,11,special,true,false,false,16,11,2019101759,ムーヴ,横山琉,Senko,6,11,2,2-3,false,true,11,longshot,29.4,29.4,20.6,false,true,10,67.5,2.3,0.023,43.5,-2.6,10,10,0.36,0.509,8.2,0.37,0.567,0.366,0.109,0,0.685,0.469,0.04854368932038835,741.7,417.9,,0.194,,0.157,28.5,false,false,false,false,false,none
202606020811,2026-03-21,千葉Ｓ,nakayama-dirt-1200-202606020811,中山,nakayama,Dirt,1200,OP,11,special,true,false,false,16,12,2021103716,メイショウホウレン,菊沢,Oikomi,6,12,12,4+,false,false,6,mid,13.5,13.5,13.3,false,false,3,97.2,11.7,0.11699999999999999,8.5,4.2,5,4,0.456,0.609,5.7,0.473,0.682,0.564,0.169,0,0.867,0.438,0.07518796992481203,605.9,344.4,,0.091,,0.042,-1.2,false,false,false,false,false,none
202606020811,2026-03-21,千葉Ｓ,nakayama-dirt-1200-202606020811,中山,nakayama,Dirt,1200,OP,11,special,true,false,false,16,13,2021110056,エコロガイア,高倉,Sashi,7,13,13,4+,false,false,8,longshot,16.9,16.9,25,false,false,11,61.2,2.3,0.023,43.5,-1.7,11,11,0.332,0.479,9.8,0.351,0.513,0.37,0.09,0,0.575,0.479,0.04,830,467.4,,0.213,,0.211,34.8,false,false,false,false,false,none
202606020811,2026-03-21,千葉Ｓ,nakayama-dirt-1200-202606020811,中山,nakayama,Dirt,1200,OP,11,special,true,false,false,16,14,2022110107,エコロアゼル,岩田康,Sashi,7,14,4,4+,false,false,1,top3,3.7,3.7,5.5,false,false,7,91.6,5.7,0.057,17.5,-12.5,2,6,0.468,0.658,2.9,0.546,0.624,0.614,0.409,0,0.661,0.308,0.18181818181818182,257.4,192.6,,0.018,0.017,0.1,4.4,false,false,true,false,true,opponent
202606020811,2026-03-21,千葉Ｓ,nakayama-dirt-1200-202606020811,中山,nakayama,Dirt,1200,OP,11,special,true,false,false,16,15,2020104597,ショウナンアビアス,柴田善,Oikomi,8,15,7,4+,false,false,10,longshot,22.8,22.8,23.2,false,false,8,89,3,0.03,33.3,-1.3,9,9,0.417,0.561,9.1,0.43,0.582,0.533,0.097,0,0.62,0.561,0.04310344827586207,966.5,511.5,,0.134,,0.142,7,false,false,false,false,false,none
202606020811,2026-03-21,千葉Ｓ,nakayama-dirt-1200-202606020811,中山,nakayama,Dirt,1200,OP,11,special,true,false,false,16,16,2017101560,ケイアイドリー,藤懸,Senko,8,16,5,4+,false,false,16,longshot,114.9,114.9,62.5,false,false,16,52.1,2.2,0.022000000000000002,45.5,0.6,13,13,0.294,0.437,22.9,0.307,0.424,0.303,0.045,0,0.4,0.437,0.02,1838.9,998.5,,0.257,,0.3,43.9,false,false,false,false,false,none
202607010311,2026-03-21,ファルコンＳ,chukyo-turf-1400-202607010311,中京,chukyo,Turf,1400,G3,11,special,true,false,false,17,1,2023107276,カフェラバー,舟山,Senko,1,1,12,4+,false,false,10,longshot,33.9,33.9,33.9,false,false,11,81.8,2.2,0.022000000000000002,45.5,-0.7,12,12,0.373,0.514,12.9,0.4,0.474,0.538,0.066,0,0.4,0.514,0.029498525073746312,1263.3,661.7,,0.386,,0.245,13.9,false,false,false,false,false,none
202607010311,2026-03-21,ファルコンＳ,chukyo-turf-1400-202607010311,中京,chukyo,Turf,1400,G3,11,special,true,false,false,17,2,2023103160,メイクワンズデイ,松若,Sashi,1,2,11,4+,false,false,6,mid,18.2,18.2,18.2,false,false,3,86.3,9.5,0.095,10.5,4,7,5,0.427,0.575,7.4,0.443,0.626,0.541,0.124,0,0.745,0.495,0.054945054945054944,777.1,423.7,,0.343,,0.093,9.4,false,false,false,false,false,none
202607010311,2026-03-21,ファルコンＳ,chukyo-turf-1400-202607010311,中京,chukyo,Turf,1400,G3,11,special,true,false,false,17,3,2023106431,トライアンフパス,国分恭,Senko,2,3,7,4+,false,false,12,longshot,69.7,69.7,69.7,false,false,14,80.7,2.1,0.021,47.6,0.7,15,13,0.359,0.498,25.4,0.371,0.463,0.455,0.045,0,0.4,0.498,0.02,2498.9,1263.6,,0.415,,0.256,15,false,false,false,false,false,none
202607010311,2026-03-21,ファルコンＳ,chukyo-turf-1400-202607010311,中京,chukyo,Turf,1400,G3,11,special,true,false,false,17,4,2023103917,タイセイアストロ,杉原,Oikomi,2,4,10,4+,false,false,3,top3,10.8,10.8,10.8,false,false,10,79.2,2.6,0.026000000000000002,38.5,-6.7,4,3,0.414,0.576,4.8,0.46,0.68,0.558,0.208,0,0.93,0.373,0.09259259259259259,447.6,275.4,,0.326,,0.039,16.5,false,false,false,false,false,none
202607010311,2026-03-21,ファルコンＳ,chukyo-turf-1400-202607010311,中京,chukyo,Turf,1400,G3,11,special,true,false,false,17,5,2023104960,アスミル,太宰,Sashi,3,5,13,4+,false,false,15,longshot,97.4,97.4,97.4,false,false,1,95.7,24.1,0.24100000000000002,4.1,23.1,10,10,0.426,0.561,35.1,0.42,0.505,0.52,0.045,0,0.4,0.561,0.02,4146.1,1969.9,,0.366,,0.214,0,true,false,false,false,false,none
202607010311,2026-03-21,ファルコンＳ,chukyo-turf-1400-202607010311,中京,chukyo,Turf,1400,G3,11,special,true,false,false,17,6,2023100797,ハッピーエンジェル,三浦,Nige,3,6,9,4+,false,false,9,longshot,23.4,23.4,23.4,false,false,7,96.3,5.6,0.055999999999999994,17.9,1.3,8,8,0.425,0.569,9.2,0.436,0.585,0.541,0.096,0,0.615,0.569,0.042735042735042736,995.5,523,,0.35,,0.134,-0.6,false,false,false,false,false,none
202607010311,2026-03-21,ファルコンＳ,chukyo-turf-1400-202607010311,中京,chukyo,Turf,1400,G3,11,special,true,false,false,17,7,2023103418,フクチャンショウ,横山武,Senko,4,7,3,2-3,false,true,4,mid,12.6,12.6,12.6,false,false,8,96.8,4.5,0.045,22.2,-3.4,3,2,0.443,0.599,5.4,0.469,0.682,0.566,0.179,0,0.885,0.426,0.07936507936507936,558.5,324,,0.317,0.002,0.037,-1.1,false,false,false,true,true,wide
202607010311,2026-03-21,ファルコンＳ,chukyo-turf-1400-202607010311,中京,chukyo,Turf,1400,G3,11,special,true,false,false,17,8,2023105356,マーゴットブロー,横山典,Senko,4,8,8,4+,false,false,14,longshot,86.8,86.8,86.8,false,false,15,80.2,2.1,0.021,47.6,0.9,14,14,0.355,0.494,31.4,0.376,0.461,0.489,0.045,0,0.4,0.494,0.02,3077.4,1549.6,,0.41,,0.258,15.5,false,false,false,false,false,none
202607010311,2026-03-21,ファルコンＳ,chukyo-turf-1400-202607010311,中京,chukyo,Turf,1400,G3,11,special,true,false,false,17,9,2023105685,ダイヤモンドノット,川田,Senko,5,9,1,1,true,true,1,top3,1.6,1.6,1.6,true,false,4,99,8.7,0.087,11.5,-53.8,1,7,0.576,0.88,1.6,0.786,0.604,0.818,1,0.118,0.266,0.265,0.625,92.2,137.3,,0,0.302,0.115,-3.3,false,true,false,false,true,honmei
202607010311,2026-03-21,ファルコンＳ,chukyo-turf-1400-202607010311,中京,chukyo,Turf,1400,G3,11,special,true,false,false,17,10,2023105505,エイシンディード,川又,Nige,5,10,2,2-3,false,true,8,longshot,21.4,21.4,21.4,false,true,12,84.8,2.1,0.021,47.6,-2.6,9,9,0.397,0.544,8.5,0.423,0.583,0.542,0.105,0,0.665,0.517,0.04672897196261683,849.8,461.5,,0.363,,0.136,10.9,false,false,false,false,false,none
202607010311,2026-03-21,ファルコンＳ,chukyo-turf-1400-202607010311,中京,chukyo,Turf,1400,G3,11,special,true,false,false,17,11,2023104313,タガノアラリア,斎藤,Senko,6,11,4,4+,false,false,2,top3,9,9,9,false,false,9,94.6,3.7,0.037000000000000005,27,-7.4,2,1,0.454,0.621,4.2,0.483,0.719,0.523,0.25,0,0.975,0.367,0.1111111111111111,408.9,257.5,,0.303,0.302,0,1.1,false,false,true,false,true,opponent
202607010311,2026-03-21,ファルコンＳ,chukyo-turf-1400-202607010311,中京,chukyo,Turf,1400,G3,11,special,true,false,false,17,12,2023110075,プルヴォワール,長岡,Nige,6,12,16,4+,false,false,17,longshot,422,422,422,false,false,17,77,2.1,0.021,47.6,1.9,16,16,0.326,0.467,148.7,0.357,0.444,0.468,0.045,0,0.4,0.467,0.02,13770.5,6944.3,,0.429,,0.275,18.7,false,false,false,false,false,none
202607010311,2026-03-21,ファルコンＳ,chukyo-turf-1400-202607010311,中京,chukyo,Turf,1400,G3,11,special,true,false,false,17,13,2023107520,プリンセスモコ,西塚,Oikomi,7,13,15,4+,false,false,7,longshot,20,20,20,false,false,2,92.8,14.3,0.14300000000000002,7,9.3,6,6,0.444,0.589,8,0.454,0.623,0.565,0.113,0,0.7,0.539,0.05,887.7,471.3,,0.332,,0.096,2.9,false,false,false,false,false,none
202607010311,2026-03-21,ファルコンＳ,chukyo-turf-1400-202607010311,中京,chukyo,Turf,1400,G3,11,special,true,false,false,17,14,2023105273,フォーゲル,吉村,Senko,7,14,5,4+,false,false,13,longshot,83.8,83.8,83.8,false,false,6,99,6,0.06,16.7,4.8,11,11,0.409,0.546,30.3,0.411,0.495,0.521,0.045,0,0.4,0.546,0.02,3430,1655.5,,0.375,,0.224,-3.3,false,false,false,false,false,none
202607010311,2026-03-21,ファルコンＳ,chukyo-turf-1400-202607010311,中京,chukyo,Turf,1400,G3,11,special,true,false,false,17,15,2023104355,テルヴィセクス,団野,Sashi,8,15,14,4+,false,false,11,longshot,47.9,47.9,47.9,false,false,13,71.4,2.1,0.021,47.6,0,13,15,0.353,0.493,17.8,0.378,0.461,0.498,0.047,0,0.4,0.493,0.020876826722338204,1693.2,876,,0.408,,0.258,24.3,false,false,false,false,false,none
202607010311,2026-03-21,ファルコンＳ,chukyo-turf-1400-202607010311,中京,chukyo,Turf,1400,G3,11,special,true,false,false,17,16,2023104232,タヤスロレンヌ,江田照,Nige,8,16,17,4+,false,false,16,longshot,367.3,367.3,367.3,false,false,16,68.4,2.1,0.021,47.6,1.8,17,17,0.294,0.436,129.6,0.338,0.424,0.458,0.045,0,0.4,0.436,0.02,10798,5652.3,,0.448,,0.295,27.3,false,false,false,false,false,none
202607010311,2026-03-21,ファルコンＳ,chukyo-turf-1400-202607010311,中京,chukyo,Turf,1400,G3,11,special,true,false,false,17,17,2023103162,タマモイカロス,小沢,Senko,8,17,6,4+,false,false,5,mid,16.2,16.2,16.2,false,false,5,98.1,6,0.06,16.7,-0.2,5,4,0.435,0.585,6.7,0.456,0.647,0.566,0.139,0,0.795,0.471,0.0617283950617284,704.5,390,,0.33,,0.072,-2.4,false,false,false,false,false,none
202607010411,2026-03-21,愛知杯,chukyo-turf-1400-202607010411,中京,chukyo,Turf,1400,G3,11,special,true,false,false,18,1,2022105467,マピュース,田辺,Senko,1,1,6,4+,false,false,3,top3,7.4,7.4,10,false,false,11,73.3,2,0.02,50,-8,8,6,0.389,0.554,4.5,0.433,0.671,0.473,0.225,0,0.95,0.338,0.1,388.9,249.5,,0.073,,0.061,25.7,false,false,false,false,false,none
202607010411,2026-03-21,愛知杯,chukyo-turf-1400-202607010411,中京,chukyo,Turf,1400,G3,11,special,true,false,false,18,2,2021105752,レディマリオン,吉村,Senko,1,2,12,4+,false,false,9,longshot,13.8,13.8,11,false,false,2,94.9,16,0.16,6.3,6.9,4,2,0.453,0.612,4.9,0.48,0.7,0.566,0.205,0,0.925,0.4,0.09090909090909091,498.1,296.8,,0.026,0.014,0.032,4.1,false,false,false,true,true,wide
202607010411,2026-03-21,愛知杯,chukyo-turf-1400-202607010411,中京,chukyo,Turf,1400,G3,11,special,true,false,false,18,3,2019102273,モリノドリーム,小林美,Sashi,2,3,15,4+,false,false,17,longshot,126.4,126.4,82.5,false,false,5,86.8,7.9,0.079,12.7,6.7,13,15,0.398,0.535,29.9,0.39,0.488,0.446,0.045,0,0.4,0.535,0.02,3285.9,1599.4,,0.116,,0.244,12.2,false,false,false,false,false,none
202607010411,2026-03-21,愛知杯,chukyo-turf-1400-202607010411,中京,chukyo,Turf,1400,G3,11,special,true,false,false,18,4,2019104385,カンパニョーラ,嶋田,Nige,2,4,18,4+,false,false,18,longshot,204.2,204.2,147.6,false,false,18,73.7,2,0.02,50,1.3,16,17,0.325,0.466,52.7,0.351,0.443,0.439,0.045,0,0.4,0.466,0.02,4803.7,2454.9,,0.155,,0.289,25.3,false,false,false,false,false,none
202607010411,2026-03-21,愛知杯,chukyo-turf-1400-202607010411,中京,chukyo,Turf,1400,G3,11,special,true,false,false,18,5,2022106232,ウイントワイライト,横山典,Oikomi,3,5,7,4+,false,false,4,mid,8.6,8.6,6,false,false,8,77.8,2.2,0.022000000000000002,45.5,-14.5,1,9,0.429,0.616,3.1,0.506,0.598,0.555,0.375,0,0.651,0.317,0.16666666666666666,257.7,191.1,,0,0.004,0.134,21.2,false,true,false,false,true,honmei
202607010411,2026-03-21,愛知杯,chukyo-turf-1400-202607010411,中京,chukyo,Turf,1400,G3,11,special,true,false,false,18,6,2022102887,ナムラクララ,浜中,Senko,3,6,8,4+,false,false,6,mid,10.3,10.3,12.2,false,false,6,87.1,5.3,0.053,18.9,-2.9,7,5,0.424,0.582,5.3,0.447,0.673,0.499,0.184,0,0.895,0.402,0.0819672131147541,517.4,306.5,,0.059,,0.059,11.9,false,false,false,false,false,none
202607010411,2026-03-21,愛知杯,chukyo-turf-1400-202607010411,中京,chukyo,Turf,1400,G3,11,special,true,false,false,18,7,2022105778,チェルビアット,西村淳,Sashi,4,7,5,4+,false,false,2,top3,5.9,5.9,6.2,false,false,9,75.4,2,0.02,50,-14.1,3,10,0.417,0.603,3.2,0.491,0.591,0.525,0.363,0,0.65,0.32,0.16129032258064516,258.5,191,,0.015,,0.141,23.6,false,false,false,false,false,none
202607010411,2026-03-21,愛知杯,chukyo-turf-1400-202607010411,中京,chukyo,Turf,1400,G3,11,special,true,false,false,18,8,2021102013,ソルトクィーン,富田,Senko,4,8,2,2-3,false,true,5,mid,9.1,9.1,10.7,false,false,7,84.1,3.1,0.031,32.3,-6.2,6,3,0.424,0.585,4.7,0.457,0.686,0.519,0.21,0,0.933,0.38,0.09345794392523366,453.3,277.7,,0.049,,0.046,14.9,false,false,false,false,false,none
202607010411,2026-03-21,愛知杯,chukyo-turf-1400-202607010411,中京,chukyo,Turf,1400,G3,11,special,true,false,false,18,9,2021100019,マサノカナリア,古川吉,Sashi,5,9,17,4+,false,false,15,longshot,54.4,54.4,63.2,false,false,17,54.8,2,0.02,50,0.4,18,18,0.296,0.438,23.1,0.309,0.425,0.306,0.045,0,0.4,0.438,0.02,1872.1,1013.6,,0.197,,0.307,44.2,false,false,false,false,false,none
202607010411,2026-03-21,愛知杯,chukyo-turf-1400-202607010411,中京,chukyo,Turf,1400,G3,11,special,true,false,false,18,10,2020102836,セフィロ,吉田隼,Oikomi,5,10,3,2-3,false,true,13,longshot,34.1,34.1,22.5,false,true,13,66.7,2,0.02,50,-2.4,15,11,0.343,0.491,8.9,0.37,0.542,0.425,0.1,0,0.638,0.483,0.044444444444444446,771.1,435.9,,0.136,,0.19,32.3,false,false,false,false,false,none
202607010411,2026-03-21,愛知杯,chukyo-turf-1400-202607010411,中京,chukyo,Turf,1400,G3,11,special,true,false,false,18,11,2022105755,スリールミニョン,丸山,Nige,6,11,14,4+,false,false,10,longshot,23.9,23.9,16,false,false,12,73.5,2,0.02,50,-4.3,12,8,0.38,0.533,6.6,0.393,0.615,0.397,0.141,0,0.8,0.416,0.0625,607.6,351.6,,0.113,,0.117,25.5,false,false,false,false,false,none
202607010411,2026-03-21,愛知杯,chukyo-turf-1400-202607010411,中京,chukyo,Turf,1400,G3,11,special,true,false,false,18,12,2022104960,カルプスペルシュ,横山武,Senko,6,12,11,4+,false,false,8,longshot,12.8,12.8,13.8,false,false,1,99,19.1,0.191,5.2,11.9,5,4,0.449,0.602,5.8,0.468,0.675,0.563,0.163,0,0.855,0.447,0.07246376811594203,620.3,351.2,,0.038,,0.057,0,true,false,false,false,false,none
202607010411,2026-03-21,愛知杯,chukyo-turf-1400-202607010411,中京,chukyo,Turf,1400,G3,11,special,true,false,false,18,13,2022101623,アブキールベイ,小崎,Sashi,7,13,13,4+,false,false,14,longshot,39.5,39.5,30.3,false,false,3,93.9,14.1,0.141,7.1,10.8,9,12,0.434,0.574,11.6,0.428,0.528,0.504,0.074,0,0.442,0.574,0.033003300330033,1315.3,666.1,,0.078,,0.204,5.1,false,false,false,false,false,none
202607010411,2026-03-21,愛知杯,chukyo-turf-1400-202607010411,中京,chukyo,Turf,1400,G3,11,special,true,false,false,18,14,2021105599,シンバーシア,団野,Senko,7,14,16,4+,false,false,16,longshot,58.2,58.2,56.4,false,false,16,73,2,0.02,50,0.2,17,16,0.341,0.481,20.7,0.345,0.453,0.37,0.045,0,0.4,0.481,0.02,1923.6,997.6,,0.161,,0.279,26,false,false,false,false,false,none
202607010411,2026-03-21,愛知杯,chukyo-turf-1400-202607010411,中京,chukyo,Turf,1400,G3,11,special,true,false,false,18,15,2021104434,ワイドラトゥール,西塚,Nige,7,15,4,4+,false,false,7,longshot,11.9,11.9,9.2,false,false,10,64.8,2,0.02,50,-8.9,10,7,0.386,0.555,4.2,0.417,0.663,0.376,0.245,0,0.929,0.325,0.10869565217391305,355.1,234.1,,0.089,,0.069,34.2,false,false,false,false,false,none
202607010411,2026-03-21,愛知杯,chukyo-turf-1400-202607010411,中京,chukyo,Turf,1400,G3,11,special,true,false,false,18,16,2019105806,ドロップオブライト,松若,Sashi,8,16,10,4+,false,false,1,top3,5.7,5.7,8.3,false,false,4,94.1,12.2,0.122,8.2,0.2,2,1,0.465,0.634,3.9,0.502,0.732,0.565,0.271,0,0.992,0.355,0.12048192771084336,386.1,247.6,,0.004,0.004,0,4.9,false,false,true,false,true,opponent
202607010411,2026-03-21,愛知杯,chukyo-turf-1400-202607010411,中京,chukyo,Turf,1400,G3,11,special,true,false,false,18,17,2021103519,リラボニート,田山,Sashi,8,17,9,4+,false,false,11,longshot,26.4,26.4,30.3,false,false,15,78.1,2,0.02,50,-1.3,11,14,0.376,0.519,11.6,0.396,0.492,0.496,0.074,0,0.442,0.519,0.033003300330033,1140.4,602.4,,0.11,,0.24,20.9,false,false,false,false,false,none
202607010411,2026-03-21,愛知杯,chukyo-turf-1400-202607010411,中京,chukyo,Turf,1400,G3,11,special,true,false,false,18,18,2022103875,アイサンサン,幸,Oikomi,8,18,1,1,true,true,12,longshot,27.6,27.6,30,false,true,14,76,2,0.02,50,-1.3,14,13,0.375,0.518,11.5,0.389,0.494,0.466,0.075,0,0.45,0.518,0.03333333333333333,1125,595.6,,0.117,,0.238,23,false,false,false,false,false,none
202609010911,2026-03-21,若葉Ｓ,hanshin-turf-2000-202609010911,阪神,hanshin,Turf,2000,L,11,special,true,false,false,12,1,2023100946,マテンロウゲイル,横山和,Nige,1,1,1,1,true,true,1,top3,2.1,2.1,2.1,true,false,2,95.5,15.7,0.157,6.4,-31.9,1,8,0.545,0.834,1.7,0.765,0.6,0.782,1,0,0.319,0.3,0.47619047619047616,114.3,144.7,,0,0.25,0.138,1.4,false,true,false,false,true,honmei
202609010911,2026-03-21,若葉Ｓ,hanshin-turf-2000-202609010911,阪神,hanshin,Turf,2000,L,11,special,true,false,false,12,2,2023105965,コレオシークエンス,浜中,Sashi,2,2,4,4+,false,false,4,mid,8.2,8.2,8.2,false,false,1,96.9,30.7,0.307,3.3,18.5,2,1,0.475,0.644,3.9,0.515,0.738,0.598,0.274,0,0.995,0.353,0.12195121951219513,389.4,249.2,,0.25,0.25,0,0,true,false,true,false,true,opponent
202609010911,2026-03-21,若葉Ｓ,hanshin-turf-2000-202609010911,阪神,hanshin,Turf,2000,L,11,special,true,false,false,12,3,2023107368,コロナドブリッジ,丸山,Senko,3,3,8,4+,false,false,5,mid,8.5,8.5,8.5,false,false,9,86.6,3.6,0.036000000000000004,27.8,-8.2,5,2,0.435,0.604,4,0.49,0.714,0.589,0.265,0,0.987,0.358,0.11764705882352941,369.4,240.1,,0.275,0.009,0.024,10.3,false,false,false,true,true,wide
202609010911,2026-03-21,若葉Ｓ,hanshin-turf-2000-202609010911,阪神,hanshin,Turf,2000,L,11,special,true,false,false,12,4,2023107036,ショウナンバンライ,北村友,Sashi,4,4,10,4+,false,false,10,longshot,42.7,42.7,42.7,false,false,5,86.9,7,0.07,14.3,4.7,9,9,0.398,0.536,15.9,0.408,0.489,0.526,0.053,0,0.4,0.536,0.023419203747072598,1699.2,855,,0.357,,0.249,10,false,false,false,false,false,none
202609010911,2026-03-21,若葉Ｓ,hanshin-turf-2000-202609010911,阪神,hanshin,Turf,2000,L,11,special,true,false,false,12,5,2023102810,エチゴドラゴン,幸,Senko,5,5,5,4+,false,false,8,longshot,17.6,17.6,17.6,false,false,8,86.7,3.7,0.037000000000000005,27,-2,8,6,0.415,0.564,7.2,0.441,0.623,0.557,0.128,0,0.76,0.474,0.056818181818181816,729.6,403.6,,0.324,,0.115,10.2,false,false,false,false,false,none
202609010911,2026-03-21,若葉Ｓ,hanshin-turf-2000-202609010911,阪神,hanshin,Turf,2000,L,11,special,true,false,false,12,6,2023104492,ブラックハヤテ,丹内,Sashi,5,6,6,4+,false,false,7,longshot,12.6,12.6,12.6,false,false,3,91.2,12.1,0.121,8.3,4.2,6,4,0.441,0.597,5.4,0.467,0.681,0.558,0.179,0,0.885,0.424,0.07936507936507936,556.2,323,,0.298,,0.057,5.7,false,false,false,false,false,none
202609010911,2026-03-21,若葉Ｓ,hanshin-turf-2000-202609010911,阪神,hanshin,Turf,2000,L,11,special,true,false,false,12,7,2023105645,サヴォアフェール,松山,Sashi,6,7,3,2-3,false,true,2,top3,6.8,6.8,6.8,true,false,10,76.1,3,0.03,33.3,-11.7,4,7,0.415,0.595,3.4,0.497,0.613,0.597,0.331,0,0.723,0.325,0.14705882352941177,282,201.3,,0.268,,0.125,20.8,false,false,false,false,false,none
202609010911,2026-03-21,若葉Ｓ,hanshin-turf-2000-202609010911,阪神,hanshin,Turf,2000,L,11,special,true,false,false,12,8,2023105534,エイシンイグニース,田口,Sashi,6,8,7,4+,false,false,9,longshot,39.8,39.8,39.8,false,false,7,84.2,4.5,0.045,22.2,2,10,10,0.388,0.527,14.9,0.404,0.483,0.529,0.057,0,0.4,0.527,0.02512562814070352,1544.5,787.5,,0.361,,0.255,12.7,false,false,false,false,false,none
202609010911,2026-03-21,若葉Ｓ,hanshin-turf-2000-202609010911,阪神,hanshin,Turf,2000,L,11,special,true,false,false,12,9,2023105818,ロードフィレール,坂井,Sashi,7,9,2,2-3,false,true,6,mid,12.4,12.4,12.4,false,false,6,84.7,4.9,0.049,20.4,-3.2,7,5,0.419,0.577,5.3,0.459,0.669,0.571,0.181,0,0.89,0.4,0.08064516129032258,520.1,308,,0.306,,0.069,12.2,false,false,false,false,false,none
202609010911,2026-03-21,若葉Ｓ,hanshin-turf-2000-202609010911,阪神,hanshin,Turf,2000,L,11,special,true,false,false,12,10,2023100840,ミリオンクラウン,吉田隼,Senko,7,10,11,4+,false,false,11,longshot,253,253,253,false,false,11,74,3,0.03,33.3,2.6,11,11,0.332,0.472,89.6,0.358,0.447,0.455,0.045,0,0.4,0.472,0.02,8393.9,4228.4,,0.407,,0.291,22.9,false,false,false,false,false,none
202609010911,2026-03-21,若葉Ｓ,hanshin-turf-2000-202609010911,阪神,hanshin,Turf,2000,L,11,special,true,false,false,12,11,2023101414,コレデヨカロウ,角田和,Senko,8,11,12,4+,false,false,12,longshot,352.8,352.8,352.8,false,false,12,61.7,3,0.03,33.3,2.7,12,12,0.289,0.431,124.5,0.32,0.42,0.378,0.045,0,0.4,0.431,0.02,10190.5,5370.1,,0.445,,0.318,35.2,false,false,false,false,false,none
202609010911,2026-03-21,若葉Ｓ,hanshin-turf-2000-202609010911,阪神,hanshin,Turf,2000,L,11,special,true,false,false,12,12,2023104996,キッコベッロ,武豊,Senko,8,12,9,4+,false,false,3,top3,7.5,7.5,7.5,false,false,4,92.5,8.7,0.087,11.5,-4.6,3,3,0.458,0.632,3.6,0.512,0.705,0.599,0.3,0,0.922,0.342,0.13333333333333333,343.8,229.1,,0.253,,0.033,4.4,false,false,false,false,false,none
202609011011,2026-03-21,阪神大賞典,hanshin-turf-3000-202609011011,阪神,hanshin,Turf,3000,G2,11,special,true,false,false,10,1,2021105369,アドマイヤテラ,武豊,Senko,1,1,1,1,true,true,1,top3,3.1,3.1,3.1,true,false,6,87.7,5.7,0.057,17.5,-26.6,1,6,0.497,0.735,2.1,0.633,0.567,0.6,0.726,0,0.38,0.3,0.3225806451612903,154,153.2,,0,0.012,0.167,11.3,false,true,false,false,true,honmei
202609011011,2026-03-21,阪神大賞典,hanshin-turf-3000-202609011011,阪神,hanshin,Turf,3000,G2,11,special,true,false,false,10,2,2018104942,シュヴァリエローズ,北村友,Sashi,2,2,4,4+,false,false,7,longshot,32.8,32.8,23.1,false,false,7,55.2,3.6,0.036000000000000004,27.8,-0.7,7,7,0.35,0.498,9.1,0.355,0.542,0.335,0.097,0,0.622,0.498,0.04329004329004329,809.2,452.4,,0.278,,0.192,43.8,false,false,false,false,false,none
202609011011,2026-03-21,阪神大賞典,hanshin-turf-3000-202609011011,阪神,hanshin,Turf,3000,G2,11,special,true,false,false,10,3,2021100651,ファミリータイム,松山,Senko,3,3,9,4+,false,false,5,mid,12.6,12.6,8.7,false,false,1,99,22.6,0.226,4.4,11.1,4,1,0.478,0.644,4,0.512,0.734,0.595,0.259,0,0.982,0.362,0.1149425287356322,416,260.7,,0.121,0.038,0,0,true,false,false,true,true,wide
202609011011,2026-03-21,阪神大賞典,hanshin-turf-3000-202609011011,阪神,hanshin,Turf,3000,G2,11,special,true,false,false,10,4,2021105433,アクアヴァーナル,坂井,Sashi,4,4,2,2-3,false,true,6,mid,13.6,13.6,10.8,false,false,3,89.7,21.2,0.212,4.7,11.9,6,2,0.443,0.603,4.8,0.477,0.697,0.572,0.208,0,0.93,0.397,0.09259259259259259,478.2,288.3,,0.156,,0.037,9.3,false,false,false,false,false,none
202609011011,2026-03-21,阪神大賞典,hanshin-turf-3000-202609011011,阪神,hanshin,Turf,3000,G2,11,special,true,false,false,10,5,2022104645,ダノンシーマ,川田,Senko,5,5,3,2-3,false,true,2,top3,3.3,3.3,3.9,true,false,2,98,21.4,0.214,4.7,-4.2,2,4,0.51,0.724,2.4,0.621,0.606,0.682,0.577,0,0.509,0.3,0.25641025641025644,198.8,171.2,,0.012,0.012,0.128,1,false,false,true,false,true,opponent
202609011011,2026-03-21,阪神大賞典,hanshin-turf-3000-202609011011,阪神,hanshin,Turf,3000,G2,11,special,true,false,false,10,6,2022105466,レッドバンデ,佐々木,Senko,6,6,7,4+,false,false,3,top3,3.6,3.6,4,false,false,4,93.3,8.8,0.08800000000000001,11.4,-16.2,3,5,0.493,0.706,2.4,0.603,0.592,0.652,0.563,0,0.496,0.3,0.25,197.3,169.5,,0.03,,0.142,5.7,false,false,false,false,false,none
202609011011,2026-03-21,阪神大賞典,hanshin-turf-3000-202609011011,阪神,hanshin,Turf,3000,G2,11,special,true,false,false,10,7,2020105786,マイネルエンペラー,丹内,Sashi,7,7,5,4+,false,false,4,mid,7.2,7.2,6.9,false,false,5,80,5.9,0.059000000000000004,16.9,-8.6,5,3,0.458,0.636,3.4,0.492,0.676,0.468,0.326,0,0.837,0.332,0.14492753623188406,316,217.1,,0.141,,0.058,19,false,false,false,false,false,none
202609011011,2026-03-21,阪神大賞典,hanshin-turf-3000-202609011011,阪神,hanshin,Turf,3000,G2,11,special,true,false,false,10,8,2019104091,メイショウブレゲ,酒井,Senko,7,8,8,4+,false,false,9,longshot,174.1,174.1,110.1,false,false,10,45.1,3.5,0.035,28.6,2.6,10,10,0.25,0.395,39.5,0.281,0.396,0.286,0.045,0,0.4,0.395,0.02,2753.7,1560.1,,0.352,,0.338,53.9,false,false,false,false,false,none
202609011011,2026-03-21,阪神大賞典,hanshin-turf-3000-202609011011,阪神,hanshin,Turf,3000,G2,11,special,true,false,false,10,9,2021105104,サンライズソレイユ,岩田望,Senko,8,9,6,4+,false,false,8,longshot,35.6,35.6,34.1,false,false,8,64.8,3.6,0.036000000000000004,27.8,0.7,8,8,0.331,0.475,12.9,0.34,0.449,0.344,0.066,0,0.4,0.475,0.029325513196480937,1129.9,614.5,,0.293,,0.285,34.2,false,false,false,false,false,none
202609011011,2026-03-21,阪神大賞典,hanshin-turf-3000-202609011011,阪神,hanshin,Turf,3000,G2,11,special,true,false,false,10,10,2016102175,ダンディズム,松本,Sashi,8,10,10,4+,false,false,10,longshot,223.9,223.9,132.7,false,false,9,63.9,3.6,0.036000000000000004,27.8,2.8,9,9,0.318,0.459,47.4,0.331,0.439,0.357,0.045,0,0.4,0.459,0.02,4223.3,2179.4,,0.302,,0.295,35.1,false,false,false,false,false,none
202609011010,2026-03-22,レグルスＳ,hanshin-dirt-1800-202609011010,阪神,hanshin,Dirt,1800,OP,10,special,true,false,false,16,1,2022105262,カペルブリュッケ,斎藤,Nige,1,1,12,4+,false,false,10,longshot,42.3,42.3,19.5,false,false,5,87.9,4,0.04,25,-1.1,7,9,0.403,0.551,7.8,0.431,0.601,0.554,0.115,0,0.712,0.492,0.05128205128205128,785.5,430.9,,0.111,,0.097,4.8,false,false,false,false,false,none
202609011010,2026-03-22,レグルスＳ,hanshin-dirt-1800-202609011010,阪神,hanshin,Dirt,1800,OP,10,special,true,false,false,16,2,2022102117,シュラザック,田口,Nige,1,2,10,4+,false,false,12,longshot,57.1,57.1,31.1,false,false,4,89.8,4.8,0.048,20.8,1.6,10,12,0.402,0.544,11.9,0.414,0.501,0.522,0.072,0,0.422,0.544,0.03215434083601286,1251.6,646,,0.128,,0.197,2.9,false,false,false,false,false,none
202609011010,2026-03-22,レグルスＳ,hanshin-dirt-1800-202609011010,阪神,hanshin,Dirt,1800,OP,10,special,true,false,false,16,3,2019105416,グーデンドラーク,国分優,Nige,2,3,16,4+,false,false,11,longshot,45.5,45.5,27,false,false,14,50,2.2,0.022000000000000002,45.5,-1.5,15,13,0.301,0.449,10.5,0.322,0.475,0.313,0.083,0,0.525,0.449,0.037037037037037035,812.1,468.9,,0.22,,0.223,42.7,false,false,false,false,false,none
202609011010,2026-03-22,レグルスＳ,hanshin-dirt-1800-202609011010,阪神,hanshin,Dirt,1800,OP,10,special,true,false,false,16,4,2020110081,テーオーグランビル,岩田望,Nige,2,4,1,1,true,true,6,mid,12.8,12.8,11.2,false,false,11,78.7,2.4,0.024,41.7,-6.5,8,4,0.406,0.567,4.9,0.422,0.671,0.398,0.201,0,0.92,0.371,0.08928571428571429,455.1,279.1,,0.12,,0.027,14,false,false,false,false,false,none
202609011010,2026-03-22,レグルスＳ,hanshin-dirt-1800-202609011010,阪神,hanshin,Dirt,1800,OP,10,special,true,false,false,16,5,2020100061,モックモック,武豊,Sashi,3,5,3,2-3,false,true,3,top3,7.5,7.5,6.7,true,false,2,91.2,25.5,0.255,3.9,10.6,2,3,0.468,0.647,3.3,0.527,0.68,0.603,0.336,0,0.832,0.328,0.14925373134328357,313.7,216.4,,0.015,0.015,0.018,1.5,false,false,true,false,true,opponent
202609011010,2026-03-22,レグルスＳ,hanshin-dirt-1800-202609011010,阪神,hanshin,Dirt,1800,OP,10,special,true,false,false,16,6,2022100154,メイショウズイウン,太宰,Senko,3,6,6,4+,false,false,9,longshot,23.3,23.3,10.6,false,false,3,93,11.1,0.111,9,1.7,4,1,0.441,0.602,4.7,0.477,0.698,0.569,0.212,0,0.935,0.393,0.09433962264150944,467.7,283.6,,0.065,0.013,0,-0.3,false,false,false,true,true,wide
202609011010,2026-03-22,レグルスＳ,hanshin-dirt-1800-202609011010,阪神,hanshin,Dirt,1800,OP,10,special,true,false,false,16,7,2022106553,タガノバビロン,松山,Sashi,4,7,2,2-3,false,true,2,top3,3.7,3.7,6.2,true,false,1,92.7,28.3,0.28300000000000003,3.5,12.2,1,5,0.476,0.659,3.2,0.542,0.667,0.624,0.363,0,0.778,0.32,0.16129032258064516,295.4,208.9,,0,0.015,0.031,0,true,true,false,false,true,honmei
202609011010,2026-03-22,レグルスＳ,hanshin-dirt-1800-202609011010,阪神,hanshin,Dirt,1800,OP,10,special,true,false,false,16,8,2021105630,ルシュヴァルドール,坂井,Senko,4,8,15,4+,false,false,1,top3,3.3,3.3,5.6,false,false,8,85.2,2.5,0.025,40,-15.4,3,10,0.438,0.628,3,0.522,0.592,0.583,0.402,0,0.614,0.31,0.17857142857142858,245.1,186,,0.02,,0.106,7.5,false,false,false,false,false,none
202609011010,2026-03-22,レグルスＳ,hanshin-dirt-1800-202609011010,阪神,hanshin,Dirt,1800,OP,10,special,true,false,false,16,9,2020105639,ハギノサステナブル,北村友,Nige,5,9,4,4+,false,false,7,longshot,13.3,13.3,10.5,false,false,6,87.9,2.7,0.027000000000000003,37,-6.8,6,2,0.418,0.58,4.7,0.465,0.684,0.568,0.214,0,0.938,0.372,0.09523809523809523,438.8,271.3,,0.077,,0.014,4.8,false,false,false,false,false,none
202609011010,2026-03-22,レグルスＳ,hanshin-dirt-1800-202609011010,阪神,hanshin,Dirt,1800,OP,10,special,true,false,false,16,10,2020101579,レッドプロフェシー,酒井,Oikomi,5,10,8,4+,false,false,13,longshot,57.6,57.6,19.5,false,false,9,78.5,2.5,0.025,40,-2.6,11,11,0.384,0.533,7.8,0.413,0.59,0.511,0.115,0,0.712,0.474,0.05128205128205128,749,416.9,,0.129,,0.108,14.2,false,false,false,false,false,none
202609011010,2026-03-22,レグルスＳ,hanshin-dirt-1800-202609011010,阪神,hanshin,Dirt,1800,OP,10,special,true,false,false,16,11,2021104646,ジンセイ,川田,Senko,6,11,13,4+,false,false,4,mid,9.8,9.8,7.8,false,false,10,81.3,2.4,0.024,41.7,-10.4,5,6,0.421,0.595,3.7,0.467,0.666,0.483,0.288,0,0.87,0.341,0.12820512820512822,328.4,221.9,,0.075,,0.032,11.4,false,false,false,false,false,none
202609011010,2026-03-22,レグルスＳ,hanshin-dirt-1800-202609011010,阪神,hanshin,Dirt,1800,OP,10,special,true,false,false,16,12,2020101024,ピースオブザライフ,松本,Sashi,6,12,14,4+,false,false,16,longshot,232.7,232.7,84.3,false,false,13,63,2.3,0.023,43.5,1.1,14,14,0.325,0.466,30.5,0.327,0.443,0.323,0.045,0,0.4,0.466,0.02,2738.9,1420.5,,0.215,,0.255,29.7,false,false,false,false,false,none
202609011010,2026-03-22,レグルスＳ,hanshin-dirt-1800-202609011010,阪神,hanshin,Dirt,1800,OP,10,special,true,false,false,16,13,2019105993,ラインオブソウル,角田和,Sashi,7,13,7,4+,false,false,15,longshot,130.8,130.8,58.9,false,false,16,43.1,2.2,0.022000000000000002,45.5,0.5,16,16,0.263,0.407,21.6,0.289,0.405,0.291,0.045,0,0.4,0.407,0.02,1551.9,880.4,,0.253,,0.293,49.6,false,false,false,false,false,none
202609011010,2026-03-22,レグルスＳ,hanshin-dirt-1800-202609011010,阪神,hanshin,Dirt,1800,OP,10,special,true,false,false,16,14,2019104089,メイショウユズルハ,菱田,Oikomi,7,14,11,4+,false,false,14,longshot,80.3,80.3,47.7,false,false,15,60.1,2.2,0.022000000000000002,45.5,0.1,13,15,0.321,0.462,17.7,0.33,0.441,0.342,0.047,0,0.4,0.462,0.020964360587002094,1531.6,818.2,,0.212,,0.257,32.6,false,false,false,false,false,none
202609011010,2026-03-22,レグルスＳ,hanshin-dirt-1800-202609011010,阪神,hanshin,Dirt,1800,OP,10,special,true,false,false,16,15,2020102750,タイトニット,丹内,Senko,8,15,5,4+,false,false,5,mid,10.2,10.2,12.3,false,false,12,72.2,2.3,0.023,43.5,-5.8,12,7,0.376,0.536,5.3,0.405,0.643,0.413,0.183,0,0.893,0.357,0.08130081300813008,462.7,284.3,,0.137,,0.055,20.5,false,false,false,false,false,none
202609011010,2026-03-22,レグルスＳ,hanshin-dirt-1800-202609011010,阪神,hanshin,Dirt,1800,OP,10,special,true,false,false,16,16,2022100653,ロードラビリンス,鮫島駿,Senko,8,16,9,4+,false,false,8,longshot,19.3,19.3,17.2,false,false,7,84.9,2.6,0.026000000000000002,38.5,-3.2,9,8,0.407,0.557,7,0.418,0.622,0.462,0.131,0,0.77,0.46,0.05813953488372093,699.8,390.9,,0.124,,0.076,7.8,false,false,false,false,false,none
202606030110,2026-03-28,伏竜Ｓ,nakayama-dirt-1800-202606030110,中山,nakayama,Dirt,1800,OP,10,special,true,false,false,10,1,2023101269,ドンエレクトス,荻野極,Senko,1,1,2,2-3,false,true,4,mid,8.8,8.8,8.8,false,false,2,93.9,13.3,0.133,7.5,1.9,4,1,0.452,0.619,4.1,0.491,0.72,0.559,0.256,0,0.98,0.363,0.11363636363636363,397.7,252.6,,0.246,0.05,0,2.4,false,false,false,true,true,wide
202606030110,2026-03-28,伏竜Ｓ,nakayama-dirt-1800-202606030110,中山,nakayama,Dirt,1800,OP,10,special,true,false,false,10,2,2023107082,リベッチオ,川田,Senko,2,2,8,4+,false,false,3,top3,6.2,6.2,6.2,false,false,6,88,4.8,0.048,20.8,-11.3,3,4,0.437,0.621,3.2,0.512,0.616,0.581,0.363,0,0.693,0.32,0.16129032258064516,270.9,197,,0.225,,0.104,8.3,false,false,false,false,false,none
202606030110,2026-03-28,伏竜Ｓ,nakayama-dirt-1800-202606030110,中山,nakayama,Dirt,1800,OP,10,special,true,false,false,10,3,2023106546,サンライズケヴィン,松若,Senko,3,3,5,4+,false,false,7,longshot,30.2,30.2,30.2,false,false,9,80.8,3.7,0.037000000000000005,27,0.4,9,8,0.368,0.511,11.6,0.395,0.488,0.512,0.075,0,0.445,0.511,0.033112582781456956,1110.1,591,,0.342,,0.232,15.5,false,false,false,false,false,none
202606030110,2026-03-28,伏竜Ｓ,nakayama-dirt-1800-202606030110,中山,nakayama,Dirt,1800,OP,10,special,true,false,false,10,4,2023105013,サンダーヴィント,丹内,Sashi,4,4,6,4+,false,false,10,longshot,106.9,106.9,106.9,false,false,3,86.1,11.3,0.113,8.8,10.4,8,9,0.393,0.531,38.4,0.398,0.485,0.497,0.045,0,0.4,0.531,0.02,4203.6,2038.2,,0.339,,0.235,10.2,false,false,false,false,false,none
202606030110,2026-03-28,伏竜Ｓ,nakayama-dirt-1800-202606030110,中山,nakayama,Dirt,1800,OP,10,special,true,false,false,10,5,2023110038,ダノンバーボン,西村淳,Nige,5,5,1,1,true,true,1,top3,2.1,2.1,2.1,true,false,7,82,3.7,0.037000000000000005,27,-43.9,1,5,0.494,0.786,1.7,0.737,0.553,0.773,1,0,0.259,0.3,0.47619047619047616,103.7,136.3,,0,0.116,0.167,14.3,false,true,false,false,true,honmei
202606030110,2026-03-28,伏竜Ｓ,nakayama-dirt-1800-202606030110,中山,nakayama,Dirt,1800,OP,10,special,true,false,false,10,6,2023101592,テーオーカイザー,佐々木,Sashi,6,6,7,4+,false,false,9,longshot,69.5,69.5,69.5,false,false,4,86.7,10.7,0.107,9.3,9.3,7,7,0.4,0.537,25.3,0.407,0.489,0.526,0.045,0,0.4,0.537,0.02,2778.7,1359.5,,0.33,,0.231,9.6,false,false,false,false,false,none
202606030110,2026-03-28,伏竜Ｓ,nakayama-dirt-1800-202606030110,中山,nakayama,Dirt,1800,OP,10,special,true,false,false,10,7,2023110079,アメリカンスタイル,ディー,Senko,7,7,10,4+,false,false,8,longshot,64.8,64.8,64.8,false,false,10,72,3.6,0.036000000000000004,27.8,2.1,10,10,0.325,0.465,23.7,0.362,0.443,0.496,0.045,0,0.4,0.465,0.02,2104,1102.2,,0.375,,0.277,24.3,false,false,false,false,false,none
202606030110,2026-03-28,伏竜Ｓ,nakayama-dirt-1800-202606030110,中山,nakayama,Dirt,1800,OP,10,special,true,false,false,10,8,2023105351,チャーリー,ルメー,Senko,7,8,3,2-3,false,true,2,top3,3.1,3.1,3.1,true,false,8,80.3,3.7,0.037000000000000005,27,-28.6,2,6,0.45,0.69,2.1,0.621,0.519,0.661,0.726,0,0.313,0.3,0.3225806451612903,139.4,143.9,,0.116,0.116,0.201,16,false,false,true,false,true,opponent
202606030110,2026-03-28,伏竜Ｓ,nakayama-dirt-1800-202606030110,中山,nakayama,Dirt,1800,OP,10,special,true,false,false,10,9,2023101148,ラッキーキッド,津村,Sashi,8,9,9,4+,false,false,6,mid,19.8,19.8,19.8,false,false,1,96.3,39,0.39,2.6,33.9,5,3,0.46,0.604,7.9,0.46,0.634,0.552,0.114,0,0.705,0.547,0.050505050505050504,910,479.2,,0.277,,0.086,0,true,false,false,false,false,none
202606030110,2026-03-28,伏竜Ｓ,nakayama-dirt-1800-202606030110,中山,nakayama,Dirt,1800,OP,10,special,true,false,false,10,10,2023103142,イッテラッシャイ,横山武,Nige,8,10,4,4+,false,false,5,mid,12.5,12.5,12.5,false,false,5,93.2,6.2,0.062,16.1,-1.8,6,2,0.423,0.58,5.4,0.458,0.67,0.562,0.18,0,0.888,0.405,0.08,528.9,311.7,,0.279,,0.05,3.1,false,false,false,false,false,none
202606030111,2026-03-28,日経賞,nakayama-turf-2500-202606030111,中山,nakayama,Turf,2500,G2,11,special,true,false,false,15,1,2022106120,ミクニインスパイア,丹内,Sashi,1,1,2,2-3,false,true,2,top3,4,4,4,true,false,6,84.3,6.8,0.068,14.7,-18.2,2,6,0.464,0.678,2.4,0.59,0.56,0.666,0.563,0,0.448,0.3,0.25,185.5,162.7,,0.066,0.065,0.113,6.7,false,false,true,false,true,opponent
202606030111,2026-03-28,日経賞,nakayama-turf-2500-202606030111,中山,nakayama,Turf,2500,G2,11,special,true,false,false,15,2,2020110060,ホールネス,ディー,Sashi,2,2,9,4+,false,false,14,longshot,79.4,79.4,79.4,false,false,4,84.9,8.2,0.08199999999999999,12.2,6.9,9,11,0.397,0.534,28.8,0.382,0.487,0.406,0.045,0,0.4,0.534,0.02,3149.7,1537,,0.274,,0.186,6.1,false,false,false,false,false,none
202606030111,2026-03-28,日経賞,nakayama-turf-2500-202606030111,中山,nakayama,Turf,2500,G2,11,special,true,false,false,15,3,2021105799,クリスマスパレード,石川,Sashi,2,3,15,4+,false,false,9,longshot,38.9,38.9,38.9,false,false,9,71.6,2.6,0.026000000000000002,38.5,0,12,12,0.38,0.52,14.6,0.363,0.478,0.344,0.058,0,0.4,0.52,0.02570694087403599,1477.3,759.7,,0.293,,0.195,19.4,false,false,false,false,false,none
202606030111,2026-03-28,日経賞,nakayama-turf-2500-202606030111,中山,nakayama,Turf,2500,G2,11,special,true,false,false,15,4,2017100464,エヒト,川田,Sashi,3,4,4,4+,false,false,10,longshot,41.4,41.4,41.4,false,false,1,91,21.4,0.214,4.7,19,7,8,0.432,0.569,15.5,0.415,0.51,0.472,0.054,0,0.4,0.569,0.024154589371980676,1789.1,881.4,,0.241,,0.163,0,true,false,false,false,false,none
202606030111,2026-03-28,日経賞,nakayama-turf-2500-202606030111,中山,nakayama,Turf,2500,G2,11,special,true,false,false,15,5,2021106954,アスクナイスショー,田辺,Senko,3,5,10,4+,false,false,6,mid,14.1,14.1,14.1,false,false,3,91.5,11.9,0.11900000000000001,8.4,4.8,5,2,0.44,0.593,5.9,0.456,0.667,0.529,0.16,0,0.847,0.444,0.07092198581560284,620.3,351.8,,0.2,,0.006,-0.5,false,false,false,false,false,none
202606030111,2026-03-28,日経賞,nakayama-turf-2500-202606030111,中山,nakayama,Turf,2500,G2,11,special,true,false,false,15,6,2020105633,リビアングラス,三浦,Senko,4,6,11,4+,false,false,12,longshot,46.6,46.6,46.6,false,false,10,81.1,2.6,0.026000000000000002,38.5,0.5,10,13,0.376,0.515,17.3,0.375,0.475,0.422,0.048,0,0.4,0.515,0.02145922746781116,1753.8,891.5,,0.281,,0.198,9.9,false,false,false,false,false,none
202606030111,2026-03-28,日経賞,nakayama-turf-2500-202606030111,中山,nakayama,Turf,2500,G2,11,special,true,false,false,15,7,2021106787,コスモキュランダ,横山武,Senko,4,7,7,4+,false,false,1,top3,2.8,2.8,2.8,false,false,5,89.5,8.1,0.081,12.3,-27.6,1,5,0.504,0.754,2,0.656,0.568,0.603,0.804,0,0.352,0.3,0.35714285714285715,141.2,149.3,,0,0.065,0.105,1.5,false,true,false,false,true,honmei
202606030111,2026-03-28,日経賞,nakayama-turf-2500-202606030111,中山,nakayama,Turf,2500,G2,11,special,true,false,false,15,8,2019105775,ホウオウノーサイド,杉原,Nige,5,8,13,4+,false,false,15,longshot,352.9,352.9,352.9,false,false,15,59.7,2.4,0.024,41.7,2.1,15,15,0.287,0.43,124.5,0.303,0.419,0.3,0.045,0,0.4,0.43,0.02,10124,5348.4,,0.353,,0.254,31.3,false,false,false,false,false,none
202606030111,2026-03-28,日経賞,nakayama-turf-2500-202606030111,中山,nakayama,Turf,2500,G2,11,special,true,false,false,15,9,2020105781,マイネルケレリウス,松岡,Senko,5,9,6,4+,false,false,11,longshot,41.8,41.8,41.8,false,false,2,95.1,16.7,0.16699999999999998,6,14.3,8,9,0.425,0.562,15.6,0.413,0.505,0.48,0.054,0,0.4,0.562,0.023923444976076555,1774.7,878,,0.243,,0.168,-4.1,false,false,false,false,false,none
202606030111,2026-03-28,日経賞,nakayama-turf-2500-202606030111,中山,nakayama,Turf,2500,G2,11,special,true,false,false,15,10,2021110077,シャイニングソード,西村淳,Sashi,6,10,5,4+,false,false,5,mid,12.4,12.4,12.4,false,false,7,85.8,5.2,0.052000000000000005,19.2,-2.9,6,1,0.427,0.584,5.3,0.451,0.673,0.511,0.181,0,0.89,0.407,0.08064516129032258,529.6,311.8,,0.205,0.006,0,5.2,false,false,false,true,true,wide
202606030111,2026-03-28,日経賞,nakayama-turf-2500-202606030111,中山,nakayama,Turf,2500,G2,11,special,true,false,false,15,11,2018104638,ミステリーウェイ,松本,Oikomi,6,11,14,4+,false,false,7,longshot,24.5,24.5,24.5,false,false,12,68.6,2.4,0.024,41.7,-1.7,11,7,0.351,0.498,9.6,0.366,0.529,0.391,0.092,0,0.587,0.498,0.04081632653061224,860.4,476.8,,0.29,,0.144,22.4,false,false,false,false,false,none
202606030111,2026-03-28,日経賞,nakayama-turf-2500-202606030111,中山,nakayama,Turf,2500,G2,11,special,true,false,false,15,12,2018104609,チャックネイト,大野,Sashi,7,12,8,4+,false,false,8,longshot,27.8,27.8,27.8,false,false,13,60,2.4,0.024,41.7,-1.2,14,10,0.333,0.479,10.7,0.343,0.488,0.338,0.081,0,0.505,0.479,0.03597122302158273,926.3,514.1,,0.313,,0.185,31,false,false,false,false,false,none
202606030111,2026-03-28,日経賞,nakayama-turf-2500-202606030111,中山,nakayama,Turf,2500,G2,11,special,true,false,false,15,13,2020102870,ブレイヴロッカー,荻野極,Senko,7,13,12,4+,false,false,13,longshot,66.8,66.8,66.8,false,false,14,70.8,2.4,0.024,41.7,0.9,13,14,0.331,0.472,24.4,0.352,0.447,0.428,0.045,0,0.4,0.472,0.02,2212,1149.7,,0.304,,0.226,20.2,false,false,false,false,false,none
202606030111,2026-03-28,日経賞,nakayama-turf-2500-202606030111,中山,nakayama,Turf,2500,G2,11,special,true,false,false,15,14,2019105552,ローシャムパーク,ルメー,Senko,8,14,3,2-3,false,true,3,top3,6.2,6.2,6.2,true,false,11,72.3,2.4,0.024,41.7,-13.7,4,4,0.405,0.591,3.2,0.465,0.575,0.427,0.363,0,0.624,0.311,0.16129032258064516,251,187.4,,0.191,,0.098,18.7,false,false,false,false,false,none
202606030111,2026-03-28,日経賞,nakayama-turf-2500-202606030111,中山,nakayama,Turf,2500,G2,11,special,true,false,false,15,15,2022104902,マイユニバース,横山典,Senko,8,15,1,1,true,true,4,mid,7,7,7,false,false,8,87,4.5,0.045,22.2,-9.8,3,3,0.44,0.618,3.5,0.502,0.656,0.569,0.321,0,0.808,0.333,0.14285714285714285,307.7,213.1,,0.154,,0.017,4,false,false,false,false,false,none
202609020111,2026-03-28,毎日杯,hanshin-turf-1800-202609020111,阪神,hanshin,Turf,1800,G3,11,special,true,false,false,7,1,2023101577,フレイムスター,団野,Sashi,1,1,5,4+,false,false,7,longshot,52,52,52,false,false,7,67,5.2,0.052000000000000005,19.2,3.3,7,7,0.334,0.475,19.2,0.332,0.449,0.321,0.045,0,0.4,0.475,0.02,1739.3,911.5,,0.402,,0.145,31.9,false,false,false,false,false,none
202609020111,2026-03-28,毎日杯,hanshin-turf-1800-202609020111,阪神,hanshin,Turf,1800,G3,11,special,true,false,false,7,2,2023103899,カフジエメンタール,武豊,Nige,2,2,3,2-3,false,true,2,top3,3,3,3,true,false,2,82.7,12.5,0.125,8,-20.8,2,5,0.482,0.725,2.1,0.649,0.55,0.689,0.75,0,0.347,0.3,0.3333333333333333,144.7,148.6,,0.085,0.085,0.044,16.2,false,false,true,false,true,opponent
202609020111,2026-03-28,毎日杯,hanshin-turf-1800-202609020111,阪神,hanshin,Turf,1800,G3,11,special,true,false,false,7,3,2023107199,ローベルクランツ,松山,Sashi,3,3,2,2-3,false,true,3,top3,5,5,5,true,false,3,86.6,11.5,0.115,8.7,-8.5,4,3,0.453,0.651,2.8,0.539,0.585,0.567,0.45,0,0.564,0.3,0.2,226.7,178.9,,0.195,,0.009,12.3,false,false,false,false,false,none
202609020111,2026-03-28,毎日杯,hanshin-turf-1800-202609020111,阪神,hanshin,Turf,1800,G3,11,special,true,false,false,7,4,2023103480,アルトラムス,岩田望,Sashi,4,4,1,1,true,true,1,top3,2.4,2.4,2.4,true,false,1,98.9,50.2,0.502,2,8.5,1,2,0.537,0.806,1.8,0.734,0.594,0.752,0.938,0,0.345,0.3,0.4166666666666667,128.9,148.3,,0,0.085,0,0,true,true,false,false,true,honmei
202609020111,2026-03-28,毎日杯,hanshin-turf-1800-202609020111,阪神,hanshin,Turf,1800,G3,11,special,true,false,false,7,5,2023106490,ブリガンティン,原,Senko,5,5,6,4+,false,false,6,mid,25.6,25.6,25.6,false,false,5,78.2,6.9,0.069,14.5,3,5,6,0.389,0.533,10,0.406,0.543,0.498,0.088,0,0.56,0.533,0.0390625,995.6,531,,0.328,,0.051,20.7,false,false,false,false,false,none
202609020111,2026-03-28,毎日杯,hanshin-turf-1800-202609020111,阪神,hanshin,Turf,1800,G3,11,special,true,false,false,7,6,2023107228,ウップヘリーア,吉村,Sashi,6,6,4,4+,false,false,4,mid,5.1,5.1,5.1,false,false,4,85.2,8.7,0.087,11.5,-10.9,3,4,0.445,0.641,2.8,0.545,0.579,0.629,0.441,0,0.561,0.302,0.19607843137254904,226.7,178.5,,0.189,,0.015,13.7,false,false,false,false,false,none
202609020111,2026-03-28,毎日杯,hanshin-turf-1800-202609020111,阪神,hanshin,Turf,1800,G3,11,special,true,false,false,7,7,2023104414,シーズザスローン,幸,Sashi,7,7,7,4+,false,false,5,mid,16.9,16.9,16.9,false,false,6,70.8,5.2,0.052000000000000005,19.2,-0.7,6,1,0.358,0.511,6.9,0.397,0.594,0.482,0.133,0,0.778,0.409,0.0591715976331361,604.5,353,,0.337,0.009,0,28.1,false,false,false,true,true,wide
202606030211,2026-03-29,マーチＳ,nakayama-dirt-1800-202606030211,中山,nakayama,Dirt,1800,G3,11,special,true,false,false,16,1,,ハピ,未定,Nige,1,,,missing,false,false,,unknown,0,,0,false,false,10,69,2.3,0.023,43.5,2.3,,,,,,,,,,,,,,,,,,,,30,false,false,false,false,false,none
202606030211,2026-03-29,マーチＳ,nakayama-dirt-1800-202606030211,中山,nakayama,Dirt,1800,G3,11,special,true,false,false,16,2,2019105546,マテンロウスカイ,横山典,Senko,1,2,12,4+,false,false,9,longshot,13.8,13.8,13.8,false,false,7,78.4,3.4,0.034,29.4,-3.8,10,8,0.403,0.558,5.8,0.409,0.647,0.386,0.163,0,0.855,0.405,0.07246376811594203,555.8,325.3,,0.16,,0.05,20.6,false,false,false,false,false,none
202606030211,2026-03-29,マーチＳ,nakayama-dirt-1800-202606030211,中山,nakayama,Dirt,1800,G3,11,special,true,false,false,16,3,2020103148,ショウナンライシン,柴田善,Sashi,2,3,10,4+,false,false,15,longshot,109,109,109,false,false,15,70.8,2.3,0.023,43.5,1.4,12,12,0.341,0.481,39.2,0.345,0.453,0.367,0.045,0,0.4,0.481,0.02,3717.4,1883.1,,0.224,,0.244,28.2,false,false,false,false,false,none
202606030211,2026-03-29,マーチＳ,nakayama-dirt-1800-202606030211,中山,nakayama,Dirt,1800,G3,11,special,true,false,false,16,4,2019105604,ブレイクフォース,横山武,Senko,2,4,3,2-3,false,true,7,longshot,12.7,12.7,12.7,false,false,3,86.4,8.9,0.08900000000000001,11.2,1,7,5,0.421,0.578,5.4,0.453,0.667,0.542,0.177,0,0.883,0.406,0.07874015748031496,534.8,314.5,,0.116,,0.03,12.6,false,false,false,false,false,none
202606030211,2026-03-29,マーチＳ,nakayama-dirt-1800-202606030211,中山,nakayama,Dirt,1800,G3,11,special,true,false,false,16,5,2021103717,レヴォントゥレット,ディー,Oikomi,3,5,15,4+,false,false,6,mid,10.1,10.1,10.1,false,false,11,75.2,2.3,0.023,43.5,-7.6,8,3,0.399,0.564,4.5,0.443,0.676,0.5,0.223,0,0.948,0.349,0.09900990099009901,402.9,255.6,,0.126,,0.021,23.8,false,false,false,false,false,none
202606030211,2026-03-29,マーチＳ,nakayama-dirt-1800-202606030211,中山,nakayama,Dirt,1800,G3,11,special,true,false,false,16,6,2019102437,ヴァルツァーシャル,丹内,Sashi,3,6,4,4+,false,false,1,top3,4.9,4.9,4.9,false,false,8,78.6,2.9,0.028999999999999998,34.5,-17.5,2,10,0.441,0.641,2.7,0.531,0.567,0.548,0.459,0,0.528,0.3,0.2040816326530612,216.2,173.9,,0.038,0.039,0.13,20.4,false,false,true,false,true,opponent
202606030211,2026-03-29,マーチＳ,nakayama-dirt-1800-202606030211,中山,nakayama,Dirt,1800,G3,11,special,true,false,false,16,7,2020100116,アクションプラン,荻野極,Oikomi,4,7,2,2-3,false,true,5,mid,9.6,9.6,9.6,false,false,4,83.6,4.8,0.048,20.8,-5.6,4,1,0.424,0.589,4.4,0.471,0.697,0.559,0.234,0,0.96,0.366,0.10416666666666667,406.8,256.8,,0.098,0.011,0,15.4,false,false,false,true,true,wide
202606030211,2026-03-29,マーチＳ,nakayama-dirt-1800-202606030211,中山,nakayama,Dirt,1800,G3,11,special,true,false,false,16,8,2021107001,ピュアキアン,吉田豊,Sashi,4,8,14,4+,false,false,12,longshot,42.5,42.5,42.5,false,false,16,53.2,2.2,0.022000000000000002,45.5,-0.2,15,15,0.297,0.44,15.9,0.312,0.426,0.311,0.053,0,0.4,0.44,0.023529411764705882,1261.4,698.8,,0.257,,0.271,45.8,false,false,false,false,false,none
202606030211,2026-03-29,マーチＳ,nakayama-dirt-1800-202606030211,中山,nakayama,Dirt,1800,G3,11,special,true,false,false,16,9,2020102904,オメガギネス,横山和,Senko,5,9,7,4+,false,false,2,top3,4.9,4.9,4.9,false,false,1,99,44,0.44,2.3,23.6,1,9,0.489,0.686,2.7,0.569,0.623,0.616,0.459,0,0.615,0.3,0.2040816326530612,239.5,186.2,,0,0.039,0.074,0,true,true,false,false,true,honmei
202606030211,2026-03-29,マーチＳ,nakayama-dirt-1800-202606030211,中山,nakayama,Dirt,1800,G3,11,special,true,false,false,16,10,2021106610,バスタードサフラン,舟山,Senko,5,10,9,4+,false,false,13,longshot,65.1,65.1,65.1,false,false,13,62.8,2.3,0.023,43.5,0.8,13,14,0.307,0.449,23.8,0.327,0.432,0.365,0.045,0,0.4,0.449,0.02,2000.9,1067.9,,0.242,,0.265,36.2,false,false,false,false,false,none
202606030211,2026-03-29,マーチＳ,nakayama-dirt-1800-202606030211,中山,nakayama,Dirt,1800,G3,11,special,true,false,false,16,11,2019104245,ペイシャエス,木幡巧,Senko,6,11,8,4+,false,false,4,mid,8.3,8.3,8.3,false,false,9,79.5,2.4,0.024,41.7,-9.6,5,2,0.421,0.592,3.9,0.464,0.686,0.486,0.271,0,0.93,0.347,0.12048192771084336,349.3,231.2,,0.105,,0.011,19.5,false,false,false,false,false,none
202606030211,2026-03-29,マーチＳ,nakayama-dirt-1800-202606030211,中山,nakayama,Dirt,1800,G3,11,special,true,false,false,16,12,2022102874,ハナウマビーチ,石川,Senko,6,12,11,4+,false,false,11,longshot,30.9,30.9,30.9,false,false,12,79.1,2.3,0.023,43.5,-0.9,11,11,0.373,0.515,11.8,0.383,0.485,0.442,0.073,0,0.428,0.515,0.03236245954692557,1151.8,609,,0.186,,0.212,19.9,false,false,false,false,false,none
202606030211,2026-03-29,マーチＳ,nakayama-dirt-1800-202606030211,中山,nakayama,Dirt,1800,G3,11,special,true,false,false,16,13,2018105431,ミッキーヌチバナ,大野,Oikomi,7,13,5,4+,false,false,10,longshot,14.2,14.2,14.2,false,false,6,83.7,3.6,0.036000000000000004,27.8,-3.4,9,7,0.418,0.571,6,0.442,0.652,0.522,0.158,0,0.845,0.425,0.07042253521126761,592.9,341.1,,0.127,,0.045,15.3,false,false,false,false,false,none
202606030211,2026-03-29,マーチＳ,nakayama-dirt-1800-202606030211,中山,nakayama,Dirt,1800,G3,11,special,true,false,false,16,14,2022102280,チュウワクリスエス,原田和,Oikomi,7,14,6,4+,false,false,3,top3,7.3,7.3,7.3,false,false,5,84.4,4.1,0.040999999999999995,24.4,-9.6,3,6,0.435,0.611,3.6,0.501,0.663,0.592,0.308,0,0.837,0.338,0.136986301369863,317.4,217.2,,0.068,,0.034,14.6,false,false,false,false,false,none
202606030211,2026-03-29,マーチＳ,nakayama-dirt-1800-202606030211,中山,nakayama,Dirt,1800,G3,11,special,true,false,false,16,15,2020104136,サンデーファンデー,角田和,Sashi,8,15,1,1,true,true,8,longshot,12.8,12.8,12.8,false,true,2,88.6,10,0.1,10,2.2,6,4,0.433,0.589,5.5,0.455,0.674,0.522,0.176,0,0.88,0.419,0.078125,554.8,322.8,,0.114,,0.023,10.4,false,false,false,false,false,none
202606030211,2026-03-29,マーチＳ,nakayama-dirt-1800-202606030211,中山,nakayama,Dirt,1800,G3,11,special,true,false,false,16,16,2020103043,コレペティトール,松岡,Senko,8,16,13,4+,false,false,14,longshot,106.6,106.6,106.6,false,false,14,69.4,2.3,0.023,43.5,1.4,14,13,0.325,0.466,38.3,0.326,0.443,0.315,0.045,0,0.4,0.466,0.02,3467.6,1785.4,,0.243,,0.254,29.6,false,false,false,false,false,none
202607010611,2026-03-29,高松宮記念,chukyo-turf-1200-202607010611,中京,chukyo,Turf,1200,G1,11,special,true,false,false,18,1,2022101732,パンジャタワー,松山,Senko,1,1,4,4+,false,false,3,top3,5,5,5,false,false,5,91.3,7.8,0.078,12.8,-12.2,3,7,0.471,0.667,2.8,0.559,0.606,0.623,0.45,0,0.596,0.3,0.2,235.3,183.5,,0.063,,0.113,6.4,false,false,false,false,false,none
202607010611,2026-03-29,高松宮記念,chukyo-turf-1200-202607010611,中京,chukyo,Turf,1200,G1,11,special,true,false,false,18,2,2020100896,ビッグシーザー,西村淳,Senko,1,2,11,4+,false,false,10,longshot,29.8,29.8,29.8,false,false,13,71.8,2,0.02,50,-1.4,14,12,0.356,0.5,11.4,0.362,0.484,0.379,0.076,0,0.455,0.5,0.03355704697986577,1061.5,571.7,,0.26,,0.235,25.9,false,false,false,false,false,none
202607010611,2026-03-29,高松宮記念,chukyo-turf-1200-202607010611,中京,chukyo,Turf,1200,G1,11,special,true,false,false,18,3,2019105859,エーティーマクフィ,富田,Sashi,2,3,8,4+,false,false,5,mid,16.9,16.9,16.9,false,false,10,75.1,2.6,0.026000000000000002,38.5,-3.3,8,4,0.385,0.536,6.9,0.408,0.611,0.465,0.133,0,0.778,0.435,0.0591715976331361,650.4,370.9,,0.214,,0.108,22.6,false,false,false,false,false,none
202607010611,2026-03-29,高松宮記念,chukyo-turf-1200-202607010611,中京,chukyo,Turf,1200,G1,11,special,true,false,false,18,4,2021105774,ダノンマッキンリー,高杉,Sashi,2,4,7,4+,false,false,14,longshot,66.2,66.2,66.2,false,false,15,56.5,2,0.02,50,0.5,18,18,0.305,0.446,24.2,0.314,0.43,0.307,0.045,0,0.4,0.446,0.02,2017.1,1079.1,,0.308,,0.289,41.2,false,false,false,false,false,none
202607010611,2026-03-29,高松宮記念,chukyo-turf-1200-202607010611,中京,chukyo,Turf,1200,G1,11,special,true,false,false,18,5,2021106601,ヤマニンアルリフラ,団野,Senko,3,5,14,4+,false,false,12,longshot,40.2,40.2,40.2,false,false,11,78.4,2.3,0.023,43.5,-0.2,11,13,0.373,0.513,15.1,0.374,0.474,0.418,0.056,0,0.4,0.513,0.02487562189054726,1499.6,773.2,,0.248,,0.245,19.3,false,false,false,false,false,none
202607010611,2026-03-29,高松宮記念,chukyo-turf-1200-202607010611,中京,chukyo,Turf,1200,G1,11,special,true,false,false,18,6,2019105496,レッドモンレーヴ,酒井,Nige,3,6,2,2-3,false,true,15,longshot,67,67,67,false,true,16,61.3,2,0.02,50,0.5,17,17,0.329,0.47,24.5,0.334,0.445,0.344,0.045,0,0.4,0.47,0.02,2206.2,1148.7,,0.288,,0.274,36.4,false,false,false,false,false,none
202607010611,2026-03-29,高松宮記念,chukyo-turf-1200-202607010611,中京,chukyo,Turf,1200,G1,11,special,true,false,false,18,7,2018106055,ヨシノイースター,田辺,Nige,4,7,12,4+,false,false,16,longshot,88,88,88,false,false,6,89.9,7.3,0.073,13.7,6.2,9,11,0.393,0.53,31.8,0.393,0.485,0.474,0.045,0,0.4,0.53,0.02,3458.3,1686.5,,0.229,,0.234,7.8,false,false,false,false,false,none
202607010611,2026-03-29,高松宮記念,chukyo-turf-1200-202607010611,中京,chukyo,Turf,1200,G1,11,special,true,false,false,18,8,2017101429,ウインカーネリアン,三浦,Sashi,4,8,3,2-3,false,true,7,longshot,19.4,19.4,19.4,false,false,3,86.8,8.5,0.085,11.8,3.3,7,3,0.425,0.572,7.8,0.421,0.616,0.443,0.116,0,0.715,0.512,0.051546391752577324,824.8,445.5,,0.201,,0.103,10.9,false,false,false,false,false,none
202607010611,2026-03-29,高松宮記念,chukyo-turf-1200-202607010611,中京,chukyo,Turf,1200,G1,11,special,true,false,false,18,9,2019101700,サトノレーヴ,ルメー,Nige,5,9,1,1,true,true,1,top3,3.5,3.5,3.5,true,false,2,97.4,14.4,0.14400000000000002,6.9,-14.2,1,8,0.511,0.736,2.2,0.622,0.594,0.605,0.643,0,0.455,0.3,0.2857142857142857,178.9,163.7,,0,0.012,0.125,0.3,false,true,false,false,true,honmei
202607010611,2026-03-29,高松宮記念,chukyo-turf-1200-202607010611,中京,chukyo,Turf,1200,G1,11,special,true,false,false,18,10,2019105394,ママコチャ,川田,Senko,5,10,9,4+,false,false,4,mid,8.6,8.6,8.6,false,false,4,91.5,8,0.08,12.5,-3.6,4,1,0.446,0.614,4,0.492,0.719,0.572,0.262,0,0.985,0.36,0.11627906976744186,383.6,246.4,,0.13,0.098,0,6.2,false,false,false,true,true,wide
202607010611,2026-03-29,高松宮記念,chukyo-turf-1200-202607010611,中京,chukyo,Turf,1200,G1,11,special,true,false,false,18,11,2021100935,ララマセラシオン,丸田,Oikomi,6,11,16,4+,false,false,13,longshot,63.9,63.9,63.9,false,false,14,71.9,2,0.02,50,0.4,13,15,0.341,0.481,23.4,0.367,0.453,0.476,0.045,0,0.4,0.481,0.02,2180.5,1124.3,,0.255,,0.266,25.8,false,false,false,false,false,none
202607010611,2026-03-29,高松宮記念,chukyo-turf-1200-202607010611,中京,chukyo,Turf,1200,G1,11,special,true,false,false,18,12,2021107058,ピューロマジック,北村友,Sashi,6,12,13,4+,false,false,17,longshot,117.6,117.6,117.6,false,false,17,72.2,2,0.02,50,1.1,15,14,0.355,0.494,42.2,0.345,0.461,0.329,0.045,0,0.4,0.494,0.02,4177.3,2084.6,,0.277,,0.258,25.5,false,false,false,false,false,none
202607010611,2026-03-29,高松宮記念,chukyo-turf-1200-202607010611,中京,chukyo,Turf,1200,G1,11,special,true,false,false,18,13,2019103753,ナムラクレア,浜中,Oikomi,7,13,6,4+,false,false,2,top3,4,4,4,false,false,1,97.7,22.2,0.222,4.5,-2.8,2,6,0.508,0.72,2.4,0.61,0.608,0.648,0.563,0,0.52,0.3,0.25,203.1,172.7,,0.012,0.012,0.111,0,true,false,true,false,true,opponent
202607010611,2026-03-29,高松宮記念,chukyo-turf-1200-202607010611,中京,chukyo,Turf,1200,G1,11,special,true,false,false,18,14,2022103066,レイピア,丸山,Nige,7,14,5,4+,false,false,8,longshot,19.8,19.8,19.8,false,false,8,91.4,4.5,0.045,22.2,-0.6,5,5,0.423,0.569,7.9,0.436,0.611,0.529,0.114,0,0.705,0.516,0.050505050505050504,836.8,451.3,,0.186,,0.108,6.3,false,false,false,false,false,none
202607010611,2026-03-29,高松宮記念,chukyo-turf-1200-202607010611,中京,chukyo,Turf,1200,G1,11,special,true,false,false,18,15,2021110164,インビンシブルパパ,佐々木,Nige,7,15,15,4+,false,false,9,longshot,26.1,26.1,26.1,false,false,12,74.4,2,0.02,50,-1.8,12,9,0.369,0.514,10.1,0.37,0.525,0.371,0.086,0,0.547,0.514,0.038314176245210725,962.1,520.5,,0.252,,0.194,23.3,false,false,false,false,false,none
202607010611,2026-03-29,高松宮記念,chukyo-turf-1200-202607010611,中京,chukyo,Turf,1200,G1,11,special,true,false,false,18,16,2021101924,フィオライア,太宰,Nige,8,16,18,4+,false,false,18,longshot,150.5,150.5,150.5,false,false,18,70.7,2,0.02,50,1.3,16,16,0.333,0.473,53.7,0.336,0.448,0.346,0.045,0,0.4,0.473,0.02,5007.9,2539.4,,0.286,,0.271,27,false,false,false,false,false,none
202607010611,2026-03-29,高松宮記念,chukyo-turf-1200-202607010611,中京,chukyo,Turf,1200,G1,11,special,true,false,false,18,17,2021102320,ペアポルックス,岩田康,Sashi,8,17,10,4+,false,false,11,longshot,36.5,36.5,36.5,false,false,9,80.8,2.9,0.028999999999999998,34.5,0.2,10,10,0.392,0.532,13.8,0.39,0.486,0.443,0.062,0,0.4,0.532,0.0273972602739726,1429.3,732.3,,0.232,,0.233,16.9,false,false,false,false,false,none
202607010611,2026-03-29,高松宮記念,chukyo-turf-1200-202607010611,中京,chukyo,Turf,1200,G1,11,special,true,false,false,18,18,2021110099,ジューンブレア,武豊,Oikomi,8,18,17,4+,false,false,6,mid,18.6,18.6,18.6,false,false,7,87.5,5.7,0.057,17.5,0.3,6,2,0.423,0.571,7.5,0.424,0.621,0.458,0.121,0,0.735,0.498,0.05376344086021505,787.3,428.8,,0.198,,0.098,10.2,false,false,false,false,false,none
202609020211,2026-03-29,六甲Ｓ,hanshin-turf-1600-202609020211,阪神,hanshin,Turf,1600,L,11,special,true,false,false,13,1,2017104172,メイショウチタン,古川吉,Senko,1,1,3,2-3,false,true,10,longshot,29.9,29.9,29.9,false,true,11,49.3,2.8,0.027999999999999997,35.7,-0.5,11,11,0.284,0.432,11.5,0.31,0.439,0.305,0.075,0,0.453,0.432,0.033444816053511704,849.4,494.8,,0.334,,0.178,33.9,false,false,false,false,false,none
202609020211,2026-03-29,六甲Ｓ,hanshin-turf-1600-202609020211,阪神,hanshin,Turf,1600,L,11,special,true,false,false,13,2,2022105071,ショウナンザナドゥ,田口,Nige,2,2,7,4+,false,false,8,longshot,18.1,18.1,18.1,false,false,10,65.2,2.8,0.027999999999999997,35.7,-2.7,8,4,0.34,0.493,7.3,0.357,0.574,0.336,0.124,0,0.747,0.411,0.055248618784530384,615.8,361.3,,0.287,,0.043,18,false,false,false,false,false,none
202609020211,2026-03-29,六甲Ｓ,hanshin-turf-1600-202609020211,阪神,hanshin,Turf,1600,L,11,special,true,false,false,13,3,2018106318,メイショウシンタケ,岩田望,Senko,3,3,4,4+,false,false,5,mid,14.4,14.4,14.4,false,false,9,62.6,2.8,0.027999999999999997,35.7,-4.1,7,2,0.339,0.497,6,0.365,0.602,0.344,0.156,0,0.84,0.353,0.06944444444444445,488.6,300,,0.279,,0.015,20.6,false,false,false,false,false,none
202609020211,2026-03-29,六甲Ｓ,hanshin-turf-1600-202609020211,阪神,hanshin,Turf,1600,L,11,special,true,false,false,13,4,2020102625,アクートゥス,西塚,Senko,4,4,12,4+,false,false,9,longshot,28.3,28.3,28.3,false,false,5,68.6,2.9,0.028999999999999998,34.5,-0.6,9,9,0.336,0.482,10.9,0.344,0.485,0.338,0.08,0,0.492,0.482,0.0353356890459364,950.7,525.1,,0.3,,0.132,14.6,false,false,false,false,false,none
202609020211,2026-03-29,六甲Ｓ,hanshin-turf-1600-202609020211,阪神,hanshin,Turf,1600,L,11,special,true,false,false,13,5,2020107001,キョウエイブリッサ,小崎,Senko,4,5,5,4+,false,false,3,top3,7.5,7.5,7.5,false,false,7,60.9,2.8,0.027999999999999997,35.7,-10.5,3,6,0.348,0.527,3.6,0.417,0.545,0.41,0.3,0,0.651,0.269,0.13333333333333333,261.1,191.2,,0.227,,0.072,22.3,false,false,false,false,false,none
202609020211,2026-03-29,六甲Ｓ,hanshin-turf-1600-202609020211,阪神,hanshin,Turf,1600,L,11,special,true,false,false,13,6,2021105117,ベラジオボンド,池添,Nige,5,6,1,1,true,true,1,top3,2.8,2.8,2.8,true,false,2,81.1,8.5,0.085,11.8,-27.2,1,8,0.461,0.713,2,0.644,0.525,0.657,0.804,0,0.293,0.3,0.35714285714285715,129,141.1,,0,0.046,0.092,2.1,false,true,false,false,true,honmei
202609020211,2026-03-29,六甲Ｓ,hanshin-turf-1600-202609020211,阪神,hanshin,Turf,1600,L,11,special,true,false,false,13,7,2021100139,クランフォード,幸,Senko,5,7,2,2-3,false,true,4,mid,8.3,8.3,8.3,false,false,8,50.6,2.8,0.027999999999999997,35.7,-9.2,5,7,0.322,0.498,3.9,0.386,0.533,0.356,0.271,0,0.669,0.253,0.12048192771084336,266.9,194.4,,0.258,,0.084,32.6,false,false,false,false,false,none
202609020211,2026-03-29,六甲Ｓ,hanshin-turf-1600-202609020211,阪神,hanshin,Turf,1600,L,11,special,true,false,false,13,8,2019104756,オニャンコポン,亀田,Sashi,6,8,11,4+,false,false,7,longshot,16.5,16.5,16.5,false,false,4,59.6,3,0.03,33.3,-3.1,6,3,0.346,0.5,6.8,0.365,0.59,0.346,0.136,0,0.788,0.392,0.06060606060606061,571.5,338.9,,0.279,,0.027,23.6,false,false,false,false,false,none
202609020211,2026-03-29,六甲Ｓ,hanshin-turf-1600-202609020211,阪神,hanshin,Turf,1600,L,11,special,true,false,false,13,9,2021105283,ブルーミンデザイン,斎藤,Sashi,6,9,13,4+,false,false,2,top3,3.6,3.6,3.6,false,false,1,83.2,56.4,0.564,1.8,28.6,2,5,0.478,0.702,2.3,0.598,0.562,0.592,0.625,0,0.418,0.3,0.2777777777777778,172.2,158.6,,0.046,0.046,0.055,0,true,false,true,false,true,opponent
202609020211,2026-03-29,六甲Ｓ,hanshin-turf-1600-202609020211,阪神,hanshin,Turf,1600,L,11,special,true,false,false,13,10,2020110133,フロムダスク,菱田,Sashi,7,10,10,4+,false,false,11,longshot,46.9,46.9,46.9,false,false,6,56.5,2.9,0.028999999999999998,34.5,0.8,10,10,0.324,0.465,17.4,0.326,0.442,0.315,0.048,0,0.4,0.465,0.021321961620469083,1518.3,809.8,,0.318,,0.175,26.7,false,false,false,false,false,none
202609020211,2026-03-29,六甲Ｓ,hanshin-turf-1600-202609020211,阪神,hanshin,Turf,1600,L,11,special,true,false,false,13,11,2019105482,アサヒ,松本,Nige,7,11,9,4+,false,false,13,longshot,120.9,120.9,120.9,false,false,13,41.7,2.7,0.027000000000000003,37,1.9,13,13,0.235,0.38,43.3,0.272,0.387,0.28,0.045,0,0.4,0.38,0.02,2836.1,1645.3,,0.372,,0.23,41.5,false,false,false,false,false,none
202609020211,2026-03-29,六甲Ｓ,hanshin-turf-1600-202609020211,阪神,hanshin,Turf,1600,L,11,special,true,false,false,13,12,2018105454,グレイイングリーン,吉村,Senko,8,12,6,4+,false,false,6,mid,15.7,15.7,15.7,false,false,3,77.8,6.8,0.068,14.7,0.4,4,1,0.38,0.533,6.5,0.39,0.617,0.378,0.143,0,0.808,0.412,0.06369426751592357,596.9,346.5,,0.254,0.015,0,5.4,false,false,false,true,true,wide
202609020211,2026-03-29,六甲Ｓ,hanshin-turf-1600-202609020211,阪神,hanshin,Turf,1600,L,11,special,true,false,false,13,13,2019104850,バレエマスター,松若,Senko,8,13,8,4+,false,false,12,longshot,47.8,47.8,47.8,false,false,12,50.8,2.8,0.027999999999999997,35.7,0.7,12,12,0.266,0.41,17.7,0.294,0.407,0.308,0.047,0,0.4,0.41,0.020920502092050212,1271.8,727.1,,0.35,,0.21,32.4,false,false,false,false,false,none
202606030309,2026-04-04,山吹賞(1勝クラス),nakayama-turf-2200-202606030309,中山,nakayama,Turf,2200,OTHER,9,special,true,false,false,13,1,2023103391,ブラウンバナナ,津村,Sashi,1,1,5,4+,false,false,5,mid,7.8,7.8,7.8,false,false,10,83.3,4.5,0.045,22.2,-8.3,4,3,0.424,0.598,3.7,0.487,0.671,0.574,0.288,0,0.879,0.345,0.12820512820512822,331,223,,0.11,,0.033,8.4,false,false,false,false,false,none
202606030309,2026-04-04,山吹賞(1勝クラス),nakayama-turf-2200-202606030309,中山,nakayama,Turf,2200,OTHER,9,special,true,false,false,13,2,2023103351,グレーヌドジョワ,丹内,Senko,2,2,11,4+,false,false,9,longshot,29.5,29.5,29.5,false,false,12,72.1,2.8,0.027999999999999997,35.7,-0.6,11,10,0.359,0.503,11.3,0.375,0.489,0.434,0.076,0,0.462,0.503,0.03389830508474576,1060.4,570,,0.222,,0.215,19.6,false,false,false,false,false,none
202606030309,2026-04-04,山吹賞(1勝クラス),nakayama-turf-2200-202606030309,中山,nakayama,Turf,2200,OTHER,9,special,true,false,false,13,3,2023104361,ヤマニンヘルシェ,大野,Sashi,3,3,6,4+,false,false,10,longshot,30.2,30.2,30.2,false,false,9,80.9,4.6,0.046,21.7,1.3,9,9,0.388,0.53,11.6,0.412,0.5,0.545,0.075,0,0.445,0.53,0.033112582781456956,1170.3,612.9,,0.185,,0.204,10.8,false,false,false,false,false,none
202606030309,2026-04-04,山吹賞(1勝クラス),nakayama-turf-2200-202606030309,中山,nakayama,Turf,2200,OTHER,9,special,true,false,false,13,4,2023103468,ポッドクロス,荻野極,Sashi,4,4,2,2-3,false,true,2,top3,5,5,5,true,false,4,87,10.6,0.106,9.4,-9.4,2,7,0.468,0.665,2.8,0.54,0.602,0.537,0.45,0,0.591,0.3,0.2,234,182.8,,0.057,0.056,0.102,4.7,false,false,true,false,true,opponent
202606030309,2026-04-04,山吹賞(1勝クラス),nakayama-turf-2200-202606030309,中山,nakayama,Turf,2200,OTHER,9,special,true,false,false,13,5,2023107163,レイヒストリコ,団野,Senko,4,5,10,4+,false,false,3,top3,5.5,5.5,5.5,false,false,6,85.9,6.2,0.062,16.1,-12,3,6,0.453,0.644,2.9,0.537,0.606,0.61,0.409,0,0.631,0.308,0.18181818181818182,249,188.3,,0.06,,0.098,5.8,false,false,false,false,false,none
202606030309,2026-04-04,山吹賞(1勝クラス),nakayama-turf-2200-202606030309,中山,nakayama,Turf,2200,OTHER,9,special,true,false,false,13,6,2023105433,モウエエデショー,原田和,Sashi,5,6,4,4+,false,false,6,mid,9.9,9.9,9.9,false,false,5,86.3,7.7,0.077,13,-2.4,6,1,0.441,0.604,4.5,0.467,0.704,0.505,0.227,0,0.952,0.382,0.10101010101010101,436.2,269.6,,0.13,0.019,0,5.4,false,false,false,true,true,wide
202606030309,2026-04-04,山吹賞(1勝クラス),nakayama-turf-2200-202606030309,中山,nakayama,Turf,2200,OTHER,9,special,true,false,false,13,7,2023102707,ヨカオウ,岩田康,Senko,5,7,7,4+,false,false,7,longshot,11,11,11,false,false,7,85.6,5,0.05,20,-4.1,7,2,0.425,0.586,4.9,0.462,0.684,0.546,0.205,0,0.925,0.386,0.09090909090909091,467.4,284,,0.135,,0.02,6.1,false,false,false,false,false,none
202606030309,2026-04-04,山吹賞(1勝クラス),nakayama-turf-2200-202606030309,中山,nakayama,Turf,2200,OTHER,9,special,true,false,false,13,8,,ドッグウッド,未定,Sashi,8,,,missing,false,false,,unknown,0,,0,false,false,1,91.7,19.8,0.198,5.1,19.8,,,,,,,,,,,,,,,,,,,,0,true,false,false,false,false,none
202606030309,2026-04-04,山吹賞(1勝クラス),nakayama-turf-2200-202606030309,中山,nakayama,Turf,2200,OTHER,9,special,true,false,false,13,9,2023100814,クラウンインジエア,佐々木,Oikomi,6,9,8,4+,false,false,8,longshot,14.1,14.1,14.1,false,false,2,89.3,14.5,0.145,6.9,7.4,8,5,0.444,0.596,5.9,0.461,0.669,0.545,0.16,0,0.847,0.448,0.07092198581560284,625.4,353.8,,0.136,,0.035,2.4,false,false,false,false,false,none
202606030309,2026-04-04,山吹賞(1勝クラス),nakayama-turf-2200-202606030309,中山,nakayama,Turf,2200,OTHER,9,special,true,false,false,13,10,2023105354,バリオス,西村淳,Senko,7,10,9,4+,false,false,4,mid,7.4,7.4,7.4,false,false,8,86,4.9,0.049,20.4,-8.6,5,4,0.437,0.613,3.6,0.486,0.671,0.519,0.304,0,0.857,0.34,0.13513513513513511,323.6,220,,0.111,,0.033,5.7,false,false,false,false,false,none
202606030309,2026-04-04,山吹賞(1勝クラス),nakayama-turf-2200-202606030309,中山,nakayama,Turf,2200,OTHER,9,special,true,false,false,13,11,2023105338,トップオブザライン,三浦,Senko,7,11,12,4+,false,false,11,longshot,38.4,38.4,38.4,false,false,11,80,3.1,0.031,32.3,0.5,10,11,0.37,0.511,14.4,0.397,0.472,0.535,0.059,0,0.4,0.511,0.026041666666666668,1420.4,737.2,,0.2,,0.232,11.7,false,false,false,false,false,none
202606030309,2026-04-04,山吹賞(1勝クラス),nakayama-turf-2200-202606030309,中山,nakayama,Turf,2200,OTHER,9,special,true,false,false,13,12,2023103824,ケントン,武藤,Senko,8,12,1,1,true,true,12,longshot,56.4,56.4,56.4,false,true,13,47.4,2.7,0.027000000000000003,37,0.9,12,12,0.243,0.388,20.7,0.284,0.392,0.319,0.045,0,0.4,0.388,0.02,1371.9,804.9,,0.313,,0.312,44.3,false,false,false,false,false,none
202606030309,2026-04-04,山吹賞(1勝クラス),nakayama-turf-2200-202606030309,中山,nakayama,Turf,2200,OTHER,9,special,true,false,false,13,13,2023107032,イモータリス,石川,Sashi,8,13,3,2-3,false,true,1,top3,4.1,4.1,4.1,true,false,3,89.4,13.5,0.135,7.4,-10.9,1,8,0.483,0.694,2.4,0.597,0.584,0.664,0.549,0,0.493,0.3,0.24390243902439027,197.9,169,,0,0.056,0.12,2.3,false,true,false,false,true,honmei
202606030310,2026-04-04,千葉日報杯(2勝クラス),nakayama-dirt-1800-202606030310,中山,nakayama,Dirt,1800,OTHER,10,special,true,false,false,15,1,2021107266,スプレーフォール,石川,Senko,1,1,15,4+,false,false,12,longshot,161.8,161.8,161.8,false,false,12,41.6,2.4,0.024,41.7,1.8,15,15,0.243,0.388,57.6,0.277,0.392,0.283,0.045,0,0.4,0.388,0.02,3927.8,2233.8,,0.448,,0.283,42.8,false,false,false,false,false,none
202606030310,2026-04-04,千葉日報杯(2勝クラス),nakayama-dirt-1800-202606030310,中山,nakayama,Dirt,1800,OTHER,10,special,true,false,false,15,2,2021109113,アベベ,原,Sashi,2,2,12,4+,false,false,13,longshot,188.5,188.5,188.5,false,false,13,50.4,2.4,0.024,41.7,1.9,11,11,0.281,0.424,67,0.299,0.415,0.298,0.045,0,0.4,0.424,0.02,5294.1,2838.5,,0.426,,0.26,34,false,false,false,false,false,none
202606030310,2026-04-04,千葉日報杯(2勝クラス),nakayama-dirt-1800-202606030310,中山,nakayama,Dirt,1800,OTHER,10,special,true,false,false,15,3,2022105694,オリーブグリーン,西村淳,Sashi,2,3,1,1,true,true,2,top3,6.1,6.1,6.1,true,false,1,84.4,39,0.39,2.6,22.6,2,2,0.454,0.639,3.1,0.523,0.634,0.58,0.369,0,0.716,0.318,0.1639344262295082,276.9,200.2,,0.202,0.203,0.041,0,true,false,true,false,true,opponent
202606030310,2026-04-04,千葉日報杯(2勝クラス),nakayama-dirt-1800-202606030310,中山,nakayama,Dirt,1800,OTHER,10,special,true,false,false,15,4,2022107254,エンプレスフレーム,原田和,Senko,3,4,13,4+,false,false,10,longshot,107.7,107.7,107.7,false,false,10,61.9,2.4,0.024,41.7,1.5,10,10,0.3,0.442,38.7,0.317,0.427,0.333,0.045,0,0.4,0.442,0.02,3232.3,1710.8,,0.408,,0.248,22.5,false,false,false,false,false,none
202606030310,2026-04-04,千葉日報杯(2勝クラス),nakayama-dirt-1800-202606030310,中山,nakayama,Dirt,1800,OTHER,10,special,true,false,false,15,5,2021105789,サツキノジョウ,丹内,Senko,3,5,8,4+,false,false,5,mid,15,15,15,false,false,2,80.9,12.8,0.128,7.8,6.1,5,3,0.396,0.549,6.3,0.423,0.633,0.494,0.15,0,0.825,0.416,0.06666666666666667,593.8,343.4,,0.302,,0.042,3.5,false,false,false,false,false,none
202606030310,2026-04-04,千葉日報杯(2勝クラス),nakayama-dirt-1800-202606030310,中山,nakayama,Dirt,1800,OTHER,10,special,true,false,false,15,6,2022105276,リザードアイランド,横山和,Sashi,4,6,2,2-3,false,true,1,top3,1.9,1.9,1.9,true,false,5,74.2,6.1,0.061,16.4,-46.5,1,8,0.498,0.807,1.7,0.725,0.558,0.691,1,0.068,0.246,0.279,0.5263157894736842,94.6,134.4,,0,0.203,0.117,10.2,false,true,false,false,true,honmei
202606030310,2026-04-04,千葉日報杯(2勝クラス),nakayama-dirt-1800-202606030310,中山,nakayama,Dirt,1800,OTHER,10,special,true,false,false,15,7,2018100976,デルマタモン,菊沢,Senko,4,7,7,4+,false,false,14,longshot,233.9,233.9,233.9,false,false,14,43.8,2.4,0.024,41.7,2,14,14,0.245,0.389,82.9,0.278,0.393,0.284,0.045,0,0.4,0.389,0.02,5723.1,3227.2,,0.447,,0.282,40.6,false,false,false,false,false,none
202606030310,2026-04-04,千葉日報杯(2勝クラス),nakayama-dirt-1800-202606030310,中山,nakayama,Dirt,1800,OTHER,10,special,true,false,false,15,8,2022100306,フジレイメイ,松岡,Senko,5,8,5,4+,false,false,7,longshot,18.8,18.8,18.8,false,false,9,65.2,2.4,0.024,41.7,-2.9,9,7,0.338,0.49,7.6,0.368,0.567,0.403,0.12,0,0.73,0.42,0.05319148936170213,636,371.4,,0.357,,0.108,19.2,false,false,false,false,false,none
202606030310,2026-04-04,千葉日報杯(2勝クラス),nakayama-dirt-1800-202606030310,中山,nakayama,Dirt,1800,OTHER,10,special,true,false,false,15,9,2022107011,ニシノブレイゼスト,田辺,Sashi,5,9,11,4+,false,false,8,longshot,20.8,20.8,20.8,false,false,6,69.6,3,0.03,33.3,-1.8,7,6,0.367,0.516,8.3,0.385,0.569,0.425,0.108,0,0.68,0.479,0.04807692307692307,763.7,427,,0.34,,0.106,14.8,false,false,false,false,false,none
202606030310,2026-04-04,千葉日報杯(2勝クラス),nakayama-dirt-1800-202606030310,中山,nakayama,Dirt,1800,OTHER,10,special,true,false,false,15,10,2021101449,ライジンマル,木幡初,Sashi,6,10,6,4+,false,false,3,top3,7,7,7,false,false,7,62.9,2.4,0.024,41.7,-11.9,4,5,0.381,0.562,3.5,0.446,0.573,0.444,0.321,0,0.67,0.295,0.14285714285714285,266.5,193.8,,0.279,,0.102,21.5,false,false,false,false,false,none
202606030310,2026-04-04,千葉日報杯(2勝クラス),nakayama-dirt-1800-202606030310,中山,nakayama,Dirt,1800,OTHER,10,special,true,false,false,15,11,2022101716,ピコシー,岩田康,Senko,6,11,3,2-3,false,true,4,mid,8.4,8.4,8.4,false,false,3,81.2,9.7,0.09699999999999999,10.3,-2.2,3,1,0.411,0.582,3.9,0.469,0.675,0.54,0.268,0,0.916,0.339,0.11904761904761904,345.5,229.5,,0.256,0.042,0,3.2,false,false,false,true,true,wide
202606030310,2026-04-04,千葉日報杯(2勝クラス),nakayama-dirt-1800-202606030310,中山,nakayama,Dirt,1800,OTHER,10,special,true,false,false,15,12,2020102784,タリエシン,野中,Nige,7,12,10,4+,false,false,15,longshot,254.3,254.3,254.3,false,false,15,58,2.4,0.024,41.7,2,12,12,0.278,0.421,90,0.297,0.413,0.297,0.045,0,0.4,0.421,0.02,7060.1,3786.9,,0.428,,0.262,26.4,false,false,false,false,false,none
202606030310,2026-04-04,千葉日報杯(2勝クラス),nakayama-dirt-1800-202606030310,中山,nakayama,Dirt,1800,OTHER,10,special,true,false,false,15,13,2020106051,セザンワールド,柴田善,Senko,7,13,4,4+,false,false,9,longshot,25.3,25.3,25.3,false,false,4,81.5,7.8,0.078,12.8,3.8,6,9,0.38,0.525,9.9,0.399,0.54,0.486,0.089,0,0.567,0.525,0.039525691699604744,961.2,517.2,,0.326,,0.135,2.9,false,false,false,false,false,none
202606030310,2026-04-04,千葉日報杯(2勝クラス),nakayama-dirt-1800-202606030310,中山,nakayama,Dirt,1800,OTHER,10,special,true,false,false,15,14,2021102555,アースイオス,横山琉,Nige,8,14,14,4+,false,false,11,longshot,116.8,116.8,116.8,false,false,11,44,2.4,0.024,41.7,1.5,13,13,0.247,0.392,41.9,0.279,0.395,0.285,0.045,0,0.4,0.392,0.02,2888.9,1641.6,,0.446,,0.28,40.4,false,false,false,false,false,none
202606030310,2026-04-04,千葉日報杯(2勝クラス),nakayama-dirt-1800-202606030310,中山,nakayama,Dirt,1800,OTHER,10,special,true,false,false,15,15,2021106192,ウインアルドーレ,三浦,Sashi,8,15,9,4+,false,false,6,mid,15.4,15.4,15.4,false,false,8,61.1,2.4,0.024,41.7,-4.1,8,4,0.355,0.51,6.4,0.372,0.604,0.348,0.146,0,0.815,0.384,0.06493506493506493,547.4,326.1,,0.353,,0.071,23.3,false,false,false,false,false,none
202606030311,2026-04-04,ダービー卿CT,nakayama-turf-1600-202606030311,中山,nakayama,Turf,1600,G3,11,special,true,false,false,16,1,2018101343,ゾンニッヒ,団野,Senko,1,1,7,4+,false,false,9,longshot,14.7,14.7,14.7,false,false,11,69.1,2.3,0.023,43.5,-4.5,10,10,0.37,0.525,6.1,0.387,0.619,0.375,0.153,0,0.833,0.387,0.06802721088435375,544,322.8,,0.167,,0.051,27,false,false,false,false,false,none
202606030311,2026-04-04,ダービー卿CT,nakayama-turf-1600-202606030311,中山,nakayama,Turf,1600,G3,11,special,true,false,false,16,2,2022105230,ミニトランザット,西村淳,Nige,1,2,4,4+,false,false,2,top3,6,6,6,false,false,3,89.9,8.1,0.081,12.3,-8.6,2,6,0.458,0.644,3.1,0.528,0.635,0.586,0.375,0,0.711,0.317,0.16666666666666666,275,199.6,,0.026,0.027,0.035,6.2,false,false,true,false,true,opponent
202606030311,2026-04-04,ダービー卿CT,nakayama-turf-1600-202606030311,中山,nakayama,Turf,1600,G3,11,special,true,false,false,16,3,2022106691,エンペラーズソード,丹内,Senko,2,3,8,4+,false,false,11,longshot,16.7,16.7,16.7,false,false,2,89.7,10.9,0.109,9.2,4.9,6,5,0.425,0.575,6.8,0.435,0.637,0.494,0.135,0,0.783,0.47,0.059880239520958084,710.5,393.7,,0.119,,0.033,6.4,false,false,false,false,false,none
202606030311,2026-04-04,ダービー卿CT,nakayama-turf-1600-202606030311,中山,nakayama,Turf,1600,G3,11,special,true,false,false,16,4,2020101772,メタルスピード,岩田康,Oikomi,2,4,9,4+,false,false,4,mid,8.3,8.3,8.3,false,false,7,73.3,2.4,0.024,41.7,-9.6,4,1,0.41,0.582,3.9,0.454,0.67,0.467,0.271,0,0.902,0.337,0.12048192771084336,340.6,227.3,,0.1,0.005,0,22.8,false,false,false,true,true,wide
202606030311,2026-04-04,ダービー卿CT,nakayama-turf-1600-202606030311,中山,nakayama,Turf,1600,G3,11,special,true,false,false,16,5,2021105454,ブエナオンダ,佐々木,Sashi,3,5,6,4+,false,false,7,longshot,13.1,13.1,13.1,false,false,5,83,5.6,0.055999999999999994,17.9,-2,5,2,0.423,0.578,5.6,0.436,0.665,0.463,0.172,0,0.872,0.413,0.07633587786259542,553.7,322.9,,0.118,,0.005,13.1,false,false,false,false,false,none
202606030311,2026-04-04,ダービー卿CT,nakayama-turf-1600-202606030311,中山,nakayama,Turf,1600,G3,11,special,true,false,false,16,6,2019100965,マテンロウオリオン,横山典,Senko,3,6,15,4+,false,false,13,longshot,25,25,25,false,false,15,43.8,2.2,0.022000000000000002,45.5,-1.8,15,13,0.275,0.425,9.8,0.308,0.478,0.304,0.09,0,0.575,0.425,0.04,688.1,414.9,,0.246,,0.192,52.3,false,false,false,false,false,none
202606030311,2026-04-04,ダービー卿CT,nakayama-turf-1600-202606030311,中山,nakayama,Turf,1600,G3,11,special,true,false,false,16,7,,タイムトゥヘヴン,未定,Senko,7,,,missing,false,false,,unknown,0,,0,false,false,14,54.3,2.2,0.022000000000000002,45.5,2.2,,,,,,,,,,,,,,,,,,,,41.8,false,false,false,false,false,none
202606030311,2026-04-04,ダービー卿CT,nakayama-turf-1600-202606030311,中山,nakayama,Turf,1600,G3,11,special,true,false,false,16,8,2021104893,ファーヴェント,横山武,Sashi,4,8,3,2-3,false,true,1,top3,5.7,5.7,5.7,true,false,1,96.1,44.4,0.444,2.3,26.9,1,3,0.49,0.677,3,0.554,0.661,0.614,0.395,0,0.735,0.312,0.17543859649122806,279.5,202.9,,0,0.027,0.009,0,true,true,false,false,true,honmei
202606030311,2026-04-04,ダービー卿CT,nakayama-turf-1600-202606030311,中山,nakayama,Turf,1600,G3,11,special,true,false,false,16,9,2020105295,エエヤン,杉原,Senko,5,9,12,4+,false,false,14,longshot,115.1,115.1,115.1,false,false,16,53.9,2.2,0.022000000000000002,45.5,1.3,13,15,0.298,0.441,41.3,0.31,0.426,0.305,0.045,0,0.4,0.441,0.02,3435.1,1818.7,,0.244,,0.244,42.2,false,false,false,false,false,none
202606030311,2026-04-04,ダービー卿CT,nakayama-turf-1600-202606030311,中山,nakayama,Turf,1600,G3,11,special,true,false,false,16,10,2019100318,ケイアイセナ,津村,Sashi,5,10,10,4+,false,false,3,top3,6.8,6.8,6.8,false,false,6,79.1,2.6,0.026000000000000002,38.5,-12.1,3,8,0.425,0.605,3.4,0.494,0.627,0.558,0.331,0,0.747,0.33,0.14705882352941177,289,204.6,,0.06,,0.043,17,false,false,false,false,false,none
202606030311,2026-04-04,ダービー卿CT,nakayama-turf-1600-202606030311,中山,nakayama,Turf,1600,G3,11,special,true,false,false,16,11,2020105018,スズハローム,藤懸,Senko,6,11,1,1,true,true,10,longshot,15.9,15.9,15.9,false,true,12,69.8,2.3,0.023,43.5,-4,11,12,0.37,0.524,6.6,0.386,0.61,0.383,0.142,0,0.803,0.406,0.06289308176100629,589.1,344,,0.168,,0.06,26.3,false,false,false,false,false,none
202606030311,2026-04-04,ダービー卿CT,nakayama-turf-1600-202606030311,中山,nakayama,Turf,1600,G3,11,special,true,false,false,16,12,2018105610,ダディーズビビッド,横山和,Sashi,6,12,14,4+,false,false,15,longshot,154.2,154.2,154.2,false,false,13,56.8,2.3,0.023,43.5,1.7,14,14,0.299,0.441,55,0.31,0.427,0.305,0.045,0,0.4,0.441,0.02,4611.7,2424.8,,0.244,,0.243,39.3,false,false,false,false,false,none
202606030311,2026-04-04,ダービー卿CT,nakayama-turf-1600-202606030311,中山,nakayama,Turf,1600,G3,11,special,true,false,false,16,13,2022104697,イミグラントソング,石川,Senko,7,13,5,4+,false,false,8,longshot,13.3,13.3,13.3,false,false,10,74.4,2.3,0.023,43.5,-5.2,9,4,0.386,0.543,5.7,0.403,0.64,0.393,0.169,0,0.867,0.381,0.07518796992481203,513.5,307.1,,0.151,,0.03,21.7,false,false,false,false,false,none
202606030311,2026-04-04,ダービー卿CT,nakayama-turf-1600-202606030311,中山,nakayama,Turf,1600,G3,11,special,true,false,false,16,14,2019105118,ジュンブロッサム,荻野極,Sashi,7,14,11,4+,false,false,12,longshot,17,17,17,false,false,4,84.4,5.7,0.057,17.5,-0.2,7,7,0.422,0.571,7,0.425,0.633,0.453,0.132,0,0.775,0.471,0.058823529411764705,717.2,397.1,,0.129,,0.037,11.7,false,false,false,false,false,none
202606030311,2026-04-04,ダービー卿CT,nakayama-turf-1600-202606030311,中山,nakayama,Turf,1600,G3,11,special,true,false,false,16,15,2021104094,シリウスコルト,三浦,Sashi,8,15,13,4+,false,false,5,mid,9.1,9.1,9.1,false,false,8,60,2.3,0.023,43.5,-8.7,8,11,0.356,0.527,4.2,0.409,0.613,0.409,0.247,0,0.837,0.295,0.10989010989010989,324.3,220.6,,0.145,,0.057,36.1,false,false,false,false,false,none
202606030311,2026-04-04,ダービー卿CT,nakayama-turf-1600-202606030311,中山,nakayama,Turf,1600,G3,11,special,true,false,false,16,16,2019104838,サイルーン,大野,Senko,8,16,2,2-3,false,true,6,mid,12.4,12.4,12.4,false,false,9,60.7,2.3,0.023,43.5,-5.8,12,9,0.343,0.504,5.3,0.381,0.621,0.383,0.181,0,0.89,0.327,0.08064516129032258,424.9,269,,0.173,,0.049,35.4,false,false,false,false,false,none
202606030312,2026-04-04,４歳以上２勝クラス,nakayama-dirt-1200-202606030312,中山,nakayama,Dirt,1200,OTHER,12,final12,false,true,false,16,1,2019105041,ホウオウプレミア,岩田康,Senko,1,1,2,2-3,false,true,7,longshot,14.7,14.7,14.7,false,false,5,82.5,7.2,0.07200000000000001,13.9,0.4,5,3,0.404,0.557,6.1,0.432,0.64,0.512,0.153,0,0.833,0.419,0.06802721088435375,593.3,342.4,,0.177,,0.047,8.7,false,false,false,false,false,none
202606030312,2026-04-04,４歳以上２勝クラス,nakayama-dirt-1200-202606030312,中山,nakayama,Dirt,1200,OTHER,12,final12,false,true,false,16,2,2022104722,ダンケルド,杉原,Senko,1,2,12,4+,false,false,1,top3,3.2,3.2,3.2,false,false,3,83.3,8,0.08,12.5,-23.3,1,9,0.461,0.698,2.1,0.609,0.534,0.598,0.703,0,0.342,0.3,0.3125,147.7,147.9,,0,0.053,0.153,7.9,false,true,false,false,true,honmei
202606030312,2026-04-04,４歳以上２勝クラス,nakayama-dirt-1200-202606030312,中山,nakayama,Dirt,1200,OTHER,12,final12,false,true,false,16,3,2021106941,サンドブラスト,丹内,Senko,2,3,7,4+,false,false,4,mid,9.6,9.6,9.6,false,false,11,68.2,2.3,0.023,43.5,-8.1,6,4,0.362,0.531,4.4,0.417,0.638,0.451,0.234,0,0.901,0.307,0.10416666666666667,347.9,231.4,,0.192,,0.049,23,false,false,false,false,false,none
202606030312,2026-04-04,４歳以上２勝クラス,nakayama-dirt-1200-202606030312,中山,nakayama,Dirt,1200,OTHER,12,final12,false,true,false,16,4,2021106119,タイセイピューマ,▲石田,Nige,2,4,8,4+,false,false,10,longshot,35.5,35.5,35.5,false,false,10,75,2.6,0.026000000000000002,38.5,-0.2,11,11,0.352,0.494,13.4,0.361,0.461,0.401,0.063,0,0.4,0.494,0.028169014084507043,1249.1,663.3,,0.248,,0.226,16.2,false,false,false,false,false,none
202606030312,2026-04-04,４歳以上２勝クラス,nakayama-dirt-1200-202606030312,中山,nakayama,Dirt,1200,OTHER,12,final12,false,true,false,16,5,2021103710,ヘルメース,▲佐藤,Senko,3,5,10,4+,false,false,12,longshot,46.3,46.3,46.3,false,false,12,62.3,2.3,0.023,43.5,0.1,13,13,0.308,0.451,17.2,0.319,0.433,0.317,0.049,0,0.4,0.451,0.021598272138228944,1428.3,775.3,,0.29,,0.254,28.9,false,false,false,false,false,none
202606030312,2026-04-04,４歳以上２勝クラス,nakayama-dirt-1200-202606030312,中山,nakayama,Dirt,1200,OTHER,12,final12,false,true,false,16,6,2021103595,ビーコング,横山武,Senko,3,6,15,4+,false,false,6,mid,11.4,11.4,11.4,false,false,2,88.6,11.5,0.115,8.7,2.7,4,2,0.417,0.577,5,0.455,0.676,0.542,0.197,0,0.915,0.384,0.08771929824561403,475.8,288,,0.154,,0.011,2.6,false,false,false,false,false,none
202606030312,2026-04-04,４歳以上２勝クラス,nakayama-dirt-1200-202606030312,中山,nakayama,Dirt,1200,OTHER,12,final12,false,true,false,16,7,2022106261,タッカージーティー,横山典,Senko,4,7,6,4+,false,false,11,longshot,40.6,40.6,40.6,false,false,8,75.2,2.9,0.028999999999999998,34.5,0.4,12,12,0.352,0.493,15.2,0.358,0.461,0.39,0.055,0,0.4,0.493,0.02463054187192118,1430.1,750.2,,0.251,,0.226,16,false,false,false,false,false,none
202606030312,2026-04-04,４歳以上２勝クラス,nakayama-dirt-1200-202606030312,中山,nakayama,Dirt,1200,OTHER,12,final12,false,true,false,16,8,2020103937,ラヴァグロウ,丸田,Senko,4,8,13,4+,false,false,16,longshot,105.1,105.1,105.1,false,false,13,61.1,2.3,0.023,43.5,1.3,14,14,0.292,0.434,37.8,0.309,0.422,0.317,0.045,0,0.4,0.434,0.02,3069.3,1641.5,,0.3,,0.265,30.1,false,false,false,false,false,none
202606030312,2026-04-04,４歳以上２勝クラス,nakayama-dirt-1200-202606030312,中山,nakayama,Dirt,1200,OTHER,12,final12,false,true,false,16,9,2021110131,エコロネオ,団野,Sashi,5,9,16,4+,false,false,5,mid,9.7,9.7,9.7,false,false,14,52.1,2.2,0.022000000000000002,45.5,-8.1,7,5,0.347,0.515,4.4,0.39,0.615,0.358,0.232,0,0.865,0.294,0.10309278350515465,336.1,226.5,,0.219,,0.072,39.1,false,false,false,false,false,none
202606030312,2026-04-04,４歳以上２勝クラス,nakayama-dirt-1200-202606030312,中山,nakayama,Dirt,1200,OTHER,12,final12,false,true,false,16,10,2021106066,メッエフアパラ,石橋脩,Senko,5,10,9,4+,false,false,13,longshot,59.8,59.8,59.8,false,false,4,85.6,7.4,0.07400000000000001,13.5,5.7,9,10,0.37,0.508,21.9,0.386,0.47,0.498,0.045,0,0.4,0.508,0.02,2210.4,1114.4,,0.223,,0.217,5.6,false,false,false,false,false,none
202606030312,2026-04-04,４歳以上２勝クラス,nakayama-dirt-1200-202606030312,中山,nakayama,Dirt,1200,OTHER,12,final12,false,true,false,16,11,2022106568,ドナカルナバル,江田照,Nige,6,11,4,4+,false,false,8,longshot,22.5,22.5,22.5,false,false,9,76.3,2.8,0.027999999999999997,35.7,-1.6,10,8,0.36,0.508,8.9,0.382,0.552,0.439,0.1,0,0.638,0.499,0.044444444444444446,810.1,450.5,,0.227,,0.135,14.9,false,false,false,false,false,none
202606030312,2026-04-04,４歳以上２勝クラス,nakayama-dirt-1200-202606030312,中山,nakayama,Dirt,1200,OTHER,12,final12,false,true,false,16,12,2022107047,コパノヴィンセント,柴田大,Sashi,6,12,1,1,true,true,15,longshot,101.1,101.1,101.1,false,true,16,40,2.2,0.022000000000000002,45.5,1.2,16,16,0.267,0.411,36.4,0.291,0.407,0.292,0.045,0,0.4,0.411,0.02,2698.1,1493.7,,0.318,,0.28,51.2,false,false,false,false,false,none
202606030312,2026-04-04,４歳以上２勝クラス,nakayama-dirt-1200-202606030312,中山,nakayama,Dirt,1200,OTHER,12,final12,false,true,false,16,13,2020100363,キョウエイカンフ,横山和,Sashi,7,13,5,4+,false,false,3,top3,6.5,6.5,6.5,false,false,1,91.2,34.1,0.341,2.9,18.7,3,1,0.481,0.661,3.3,0.535,0.687,0.6,0.346,0,0.832,0.325,0.15384615384615385,312.7,216.4,,0.074,0.011,0,0,true,false,false,true,true,wide
202606030312,2026-04-04,４歳以上２勝クラス,nakayama-dirt-1200-202606030312,中山,nakayama,Dirt,1200,OTHER,12,final12,false,true,false,16,14,2021102276,マクミランテソーロ,菊沢,Senko,7,14,3,2-3,false,true,2,top3,4.6,4.6,4.6,true,false,6,87.9,7.1,0.071,14.1,-14.6,2,6,0.448,0.652,2.6,0.556,0.564,0.621,0.489,0,0.501,0.3,0.2173913043478261,206.1,170.1,,0.053,0.053,0.123,3.3,false,false,true,false,true,opponent
202606030312,2026-04-04,４歳以上２勝クラス,nakayama-dirt-1200-202606030312,中山,nakayama,Dirt,1200,OTHER,12,final12,false,true,false,16,15,2022103924,ショウナンラリー,△舟山,Senko,8,15,11,4+,false,false,9,longshot,22.7,22.7,22.7,false,false,7,77.8,2.9,0.028999999999999998,34.5,-1.5,8,7,0.368,0.515,8.9,0.389,0.555,0.456,0.099,0,0.633,0.51,0.04405286343612335,834.4,460.3,,0.22,,0.132,13.4,false,false,false,false,false,none
202606030312,2026-04-04,４歳以上２勝クラス,nakayama-dirt-1200-202606030312,中山,nakayama,Dirt,1200,OTHER,12,final12,false,true,false,16,16,2021101461,カツラノキサノキ,木幡巧,Nige,8,16,14,4+,false,false,14,longshot,98.9,98.9,98.9,false,false,15,53.8,2.2,0.022000000000000002,45.5,1.2,15,15,0.286,0.428,35.6,0.302,0.418,0.3,0.045,0,0.4,0.428,0.02,2824.5,1525.4,,0.307,,0.269,37.4,false,false,false,false,false,none
202609020309,2026-04-04,アザレア賞(1勝クラス),hanshin-turf-2400-202609020309,阪神,hanshin,Turf,2400,OTHER,9,special,true,false,false,9,1,2023100729,ヘルメスギャング,今村,Senko,1,1,8,4+,false,false,9,longshot,225,225,225,false,false,9,58.3,4,0.04,25,3.6,9,9,0.274,0.418,79.8,0.309,0.412,0.364,0.045,0,0.4,0.418,0.02,6175.6,3331.5,,0.484,,0.264,37.7,false,false,false,false,false,none
202609020309,2026-04-04,アザレア賞(1勝クラス),hanshin-turf-2400-202609020309,阪神,hanshin,Turf,2400,OTHER,9,special,true,false,false,9,2,2023105223,アーレムアレス,菱田,Oikomi,2,2,2,2-3,false,true,1,top3,1.8,1.8,1.8,true,false,1,96,58.9,0.589,1.7,3.3,1,4,0.588,0.88,1.6,0.793,0.623,0.795,1,0,0.31,0.3,0.5555555555555556,105.8,143.4,,0,0.139,0.053,0,true,true,false,false,true,honmei
202609020309,2026-04-04,アザレア賞(1勝クラス),hanshin-turf-2400-202609020309,阪神,hanshin,Turf,2400,OTHER,9,special,true,false,false,9,3,2023105404,カットソロ,坂井,Sashi,3,3,3,2-3,false,true,5,mid,15.6,15.6,15.6,false,false,2,82.1,9.2,0.092,10.9,2.8,4,3,0.415,0.567,6.5,0.445,0.64,0.556,0.144,0,0.81,0.444,0.06410256410256411,648.1,366.4,,0.348,,0.036,13.9,false,false,false,false,false,none
202609020309,2026-04-04,アザレア賞(1勝クラス),hanshin-turf-2400-202609020309,阪神,hanshin,Turf,2400,OTHER,9,special,true,false,false,9,4,2023107168,ブラックオリンピア,川田,Senko,4,4,1,1,true,true,2,top3,2.9,2.9,2.9,true,false,4,86.7,4.8,0.048,20.8,-29.7,2,6,0.477,0.724,2,0.654,0.543,0.699,0.776,0,0.328,0.3,0.3448275862068966,138.4,145.9,,0.139,0.139,0.133,9.3,false,false,true,false,true,opponent
202609020309,2026-04-04,アザレア賞(1勝クラス),hanshin-turf-2400-202609020309,阪神,hanshin,Turf,2400,OTHER,9,special,true,false,false,9,5,2023103761,サントルドパリ,鮫島駿,Nige,5,5,7,4+,false,false,8,longshot,34.9,34.9,34.9,false,false,7,86.3,4.1,0.040999999999999995,24.4,1.2,7,8,0.379,0.52,13.2,0.394,0.478,0.49,0.064,0,0.4,0.52,0.02865329512893983,1322,687,,0.399,,0.198,9.7,false,false,false,false,false,none
202609020309,2026-04-04,アザレア賞(1勝クラス),hanshin-turf-2400-202609020309,阪神,hanshin,Turf,2400,OTHER,9,special,true,false,false,9,6,2023106941,ノンブルドール,ルメー,Senko,6,6,5,4+,false,false,3,top3,7.4,7.4,7.4,false,false,3,88.8,6,0.06,16.7,-7.5,3,1,0.441,0.616,3.6,0.5,0.676,0.577,0.304,0,0.866,0.34,0.13513513513513511,326.3,221.2,,0.293,0.029,0,7.2,false,false,false,true,true,wide
202609020309,2026-04-04,アザレア賞(1勝クラス),hanshin-turf-2400-202609020309,阪神,hanshin,Turf,2400,OTHER,9,special,true,false,false,9,7,2023106902,ヴァロンブローサ,幸,Senko,7,7,9,4+,false,false,7,longshot,32.3,32.3,32.3,false,false,5,86.8,4.5,0.045,22.2,1.4,6,7,0.387,0.529,12.3,0.403,0.484,0.507,0.07,0,0.4,0.529,0.030959752321981428,1251.3,650.8,,0.39,,0.192,9.2,false,false,false,false,false,none
202609020309,2026-04-04,アザレア賞(1勝クラス),hanshin-turf-2400-202609020309,阪神,hanshin,Turf,2400,OTHER,9,special,true,false,false,9,8,2023103894,サトノリシャール,岩田望,Nige,8,8,6,4+,false,false,6,mid,21,21,21,false,false,8,71.9,4,0.04,25,-0.8,8,5,0.343,0.493,8.4,0.389,0.553,0.509,0.107,0,0.675,0.459,0.047619047619047616,720.8,411.4,,0.404,,0.123,24.1,false,false,false,false,false,none
202609020309,2026-04-04,アザレア賞(1勝クラス),hanshin-turf-2400-202609020309,阪神,hanshin,Turf,2400,OTHER,9,special,true,false,false,9,9,2023104315,タガノアルトゥーラ,吉村,Nige,8,9,4,4+,false,false,4,mid,14.1,14.1,14.1,false,false,6,87,4.3,0.043,23.3,-2.8,5,2,0.407,0.561,5.9,0.443,0.647,0.551,0.16,0,0.847,0.413,0.07092198581560284,573.8,333.2,,0.35,,0.029,9,false,false,false,false,false,none
202609020310,2026-04-04,ポラリスS,hanshin-dirt-1400-202609020310,阪神,hanshin,Dirt,1400,OP,10,special,true,false,false,16,1,2020106062,ジュンウィンダム,西塚,Senko,1,1,13,4+,false,false,14,longshot,142.9,142.9,142.9,false,false,12,70,2.3,0.023,43.5,1.6,12,13,0.332,0.472,51,0.332,0.447,0.327,0.045,0,0.4,0.472,0.02,4743.1,2409.6,,0.38,,0.267,25.9,false,false,false,false,false,none
202609020310,2026-04-04,ポラリスS,hanshin-dirt-1400-202609020310,阪神,hanshin,Dirt,1400,OP,10,special,true,false,false,16,2,2022104617,ヴーレヴー,浜中,Sashi,1,2,16,4+,false,false,8,longshot,32,32,32,false,false,14,51.1,2.2,0.022000000000000002,45.5,-0.9,14,14,0.298,0.444,12.2,0.316,0.428,0.309,0.07,0,0.4,0.444,0.03125,952.8,541.4,,0.396,,0.286,44.8,false,false,false,false,false,none
202609020310,2026-04-04,ポラリスS,hanshin-dirt-1400-202609020310,阪神,hanshin,Dirt,1400,OP,10,special,true,false,false,16,3,2020104304,スマートサニー,高杉,Sashi,2,3,5,4+,false,false,6,mid,19.3,19.3,19.3,false,false,7,64.1,2.3,0.023,43.5,-2.9,8,5,0.346,0.497,7.8,0.364,0.568,0.364,0.117,0,0.717,0.436,0.05181347150259067,668.5,385.6,,0.348,,0.146,31.8,false,false,false,false,false,none
202609020310,2026-04-04,ポラリスS,hanshin-dirt-1400-202609020310,阪神,hanshin,Dirt,1400,OP,10,special,true,false,false,16,4,2019103593,ハセドン,吉村,Oikomi,2,4,11,4+,false,false,15,longshot,176.8,176.8,176.8,false,false,15,54.7,2.2,0.022000000000000002,45.5,1.6,15,15,0.281,0.424,62.9,0.303,0.416,0.317,0.045,0,0.4,0.424,0.02,4966.3,2665.2,,0.409,,0.298,41.2,false,false,false,false,false,none
202609020310,2026-04-04,ポラリスS,hanshin-dirt-1400-202609020310,阪神,hanshin,Dirt,1400,OP,10,special,true,false,false,16,5,2021100505,キタノズエッジ,古川吉,Nige,3,5,1,1,true,true,4,mid,10,10,10,false,false,1,95.9,32.7,0.327,3.1,22.7,4,1,0.462,0.624,4.5,0.489,0.714,0.562,0.225,0,0.95,0.383,0.1,462.1,280.8,,0.223,0.084,0,0,true,false,false,true,true,wide
202609020310,2026-04-04,ポラリスS,hanshin-dirt-1400-202609020310,阪神,hanshin,Dirt,1400,OP,10,special,true,false,false,16,6,2019103879,バトルクライ,北村友,Nige,3,6,9,4+,false,false,11,longshot,40.9,40.9,40.9,false,false,9,68.2,2.3,0.023,43.5,-0.1,9,10,0.349,0.49,15.3,0.349,0.459,0.358,0.055,0,0.4,0.49,0.02444987775061125,1427.9,750.8,,0.363,,0.255,27.7,false,false,false,false,false,none
202609020310,2026-04-04,ポラリスS,hanshin-dirt-1400-202609020310,阪神,hanshin,Dirt,1400,OP,10,special,true,false,false,16,7,2021105537,ビダーヤ,坂井,Sashi,4,7,2,2-3,false,true,1,top3,2.5,2.5,2.5,true,false,2,92.5,19.7,0.19699999999999998,5.1,-20.3,1,4,0.52,0.784,1.9,0.712,0.578,0.731,0.9,0,0.335,0.3,0.4,129.9,146.9,,0,0.109,0.136,3.4,false,true,false,false,true,honmei
202609020310,2026-04-04,ポラリスS,hanshin-dirt-1400-202609020310,阪神,hanshin,Dirt,1400,OP,10,special,true,false,false,16,8,2020105599,ヤマニンウルス,武豊,Sashi,4,8,12,4+,false,false,2,top3,3.5,3.5,3.5,false,false,5,82.5,4.1,0.040999999999999995,24.4,-24.5,2,6,0.466,0.692,2.2,0.603,0.546,0.628,0.643,0,0.386,0.3,0.2857142857142857,163,154.1,,0.109,0.109,0.168,13.4,false,false,true,false,true,opponent
202609020310,2026-04-04,ポラリスS,hanshin-dirt-1400-202609020310,阪神,hanshin,Dirt,1400,OP,10,special,true,false,false,16,9,2019102238,クロジシジョー,菱田,Sashi,5,9,7,4+,false,false,12,longshot,52.6,52.6,52.6,false,false,10,69.7,2.3,0.023,43.5,0.4,10,11,0.343,0.483,19.4,0.345,0.454,0.366,0.045,0,0.4,0.483,0.02,1803.3,936.9,,0.367,,0.26,26.2,false,false,false,false,false,none
202609020310,2026-04-04,ポラリスS,hanshin-dirt-1400-202609020310,阪神,hanshin,Dirt,1400,OP,10,special,true,false,false,16,10,2020101373,バトゥーキ,秋山稔,Senko,5,10,4,4+,false,false,10,longshot,35.2,35.2,35.2,false,false,4,86.3,8.8,0.08800000000000001,11.4,6,6,8,0.395,0.535,13.3,0.404,0.488,0.498,0.064,0,0.4,0.535,0.028409090909090908,1390.1,712.8,,0.308,,0.226,9.6,false,false,false,false,false,none
202609020310,2026-04-04,ポラリスS,hanshin-dirt-1400-202609020310,阪神,hanshin,Dirt,1400,OP,10,special,true,false,false,16,11,2019102454,サクセスローレル,亀田,Nige,6,11,8,4+,false,false,16,longshot,311.4,311.4,311.4,false,false,16,40.9,2.2,0.022000000000000002,45.5,1.9,16,16,0.253,0.398,110,0.283,0.399,0.287,0.045,0,0.4,0.398,0.02,7893.6,4375.5,,0.429,,0.315,55,false,false,false,false,false,none
202609020310,2026-04-04,ポラリスS,hanshin-dirt-1400-202609020310,阪神,hanshin,Dirt,1400,OP,10,special,true,false,false,16,12,2022106658,ベルジュロネット,鮫島駿,Sashi,6,12,3,2-3,false,true,3,top3,6.1,6.1,6.1,true,false,6,81,2.9,0.028999999999999998,34.5,-13.5,3,3,0.429,0.614,3.1,0.513,0.601,0.601,0.369,0,0.662,0.318,0.1639344262295082,261.4,192.6,,0.199,,0.113,14.9,false,false,false,false,false,none
202609020310,2026-04-04,ポラリスS,hanshin-dirt-1400-202609020310,阪神,hanshin,Dirt,1400,OP,10,special,true,false,false,16,13,2020110106,アドバンスファラオ,高倉,Oikomi,7,13,10,4+,false,false,7,longshot,24.4,24.4,24.4,false,false,13,45.9,2.2,0.022000000000000002,45.5,-1.9,13,7,0.29,0.44,9.5,0.318,0.492,0.31,0.092,0,0.59,0.44,0.04098360655737705,707.1,419.4,,0.394,,0.222,50,false,false,false,false,false,none
202609020310,2026-04-04,ポラリスS,hanshin-dirt-1400-202609020310,阪神,hanshin,Dirt,1400,OP,10,special,true,false,false,16,14,2021104894,セントメモリーズ,富田,Senko,7,14,14,4+,false,false,13,longshot,109.1,109.1,109.1,false,false,11,65.5,2.3,0.023,43.5,1.4,11,12,0.338,0.478,39.2,0.334,0.451,0.32,0.045,0,0.4,0.478,0.02,3687.5,1873.4,,0.378,,0.263,30.4,false,false,false,false,false,none
202609020310,2026-04-04,ポラリスS,hanshin-dirt-1400-202609020310,阪神,hanshin,Dirt,1400,OP,10,special,true,false,false,16,15,2020103005,ナイトアクアリウム,長岡,Sashi,8,15,6,4+,false,false,9,longshot,34.2,34.2,34.2,false,false,8,72.3,2.3,0.023,43.5,-0.6,7,9,0.361,0.504,13,0.369,0.467,0.41,0.066,0,0.4,0.504,0.029239766081871343,1235.9,653.1,,0.343,,0.247,23.6,false,false,false,false,false,none
202609020310,2026-04-04,ポラリスS,hanshin-dirt-1400-202609020310,阪神,hanshin,Dirt,1400,OP,10,special,true,false,false,16,16,2020106015,バグラダス,岩田望,Senko,8,16,15,4+,false,false,5,mid,16.8,16.8,16.8,false,false,3,85.7,9.2,0.092,10.9,3.2,5,2,0.416,0.566,6.9,0.421,0.631,0.449,0.134,0,0.78,0.463,0.05952380952380952,698.7,389.3,,0.291,,0.083,10.2,false,false,false,false,false,none
202609020311,2026-04-04,チャーチルダウンズＣ,hanshin-turf-1600-202609020311,阪神,hanshin,Turf,1600,G3,11,special,true,false,false,14,1,2023100772,ストームサンダー,斎藤,Sashi,1,1,7,4+,false,false,12,longshot,75.7,75.7,75.7,false,false,9,78.3,3.2,0.032,31.3,1.9,12,12,0.374,0.512,27.5,0.365,0.473,0.385,0.045,0,0.4,0.512,0.02,2828.2,1407.6,,0.31,,0.24,20.7,false,false,false,false,false,none
202609020311,2026-04-04,チャーチルダウンズＣ,hanshin-turf-1600-202609020311,阪神,hanshin,Turf,1600,G3,11,special,true,false,false,14,2,2023103986,メイショウソラリス,角田和,Nige,2,2,10,4+,false,false,13,longshot,94.5,94.5,94.5,false,false,14,58,2.6,0.026000000000000002,38.5,1.5,14,14,0.298,0.44,34.1,0.315,0.426,0.332,0.045,0,0.4,0.44,0.02,2813.3,1498.7,,0.36,,0.287,41,false,false,false,false,false,none
202609020311,2026-04-04,チャーチルダウンズＣ,hanshin-turf-1600-202609020311,阪神,hanshin,Turf,1600,G3,11,special,true,false,false,14,3,2023106916,リゾートアイランド,武豊,Senko,3,3,9,4+,false,false,4,mid,9.9,9.9,9.9,false,false,1,99,29.8,0.298,3.4,19.7,4,1,0.459,0.621,4.5,0.493,0.713,0.585,0.227,0,0.952,0.382,0.10101010101010101,454.1,277.3,,0.182,0.05,0,0,true,false,false,true,true,wide
202609020311,2026-04-04,チャーチルダウンズＣ,hanshin-turf-1600-202609020311,阪神,hanshin,Turf,1600,G3,11,special,true,false,false,14,4,2023105516,エイシンティザー,西塚,Nige,3,4,11,4+,false,false,8,longshot,20.8,20.8,20.8,false,false,12,81.2,2.7,0.027000000000000003,37,-2.1,8,6,0.386,0.534,8.3,0.412,0.581,0.513,0.108,0,0.68,0.497,0.04807692307692307,803.4,442,,0.263,,0.132,17.8,false,false,false,false,false,none
202609020311,2026-04-04,チャーチルダウンズＣ,hanshin-turf-1600-202609020311,阪神,hanshin,Turf,1600,G3,11,special,true,false,false,14,5,2023103532,シーミハットク,高杉,Sashi,4,5,4,4+,false,false,6,mid,18.1,18.1,18.1,false,false,2,85.8,15.8,0.158,6.3,10.3,6,4,0.425,0.573,7.3,0.438,0.626,0.522,0.124,0,0.747,0.492,0.055248618784530384,769.9,420.6,,0.237,,0.087,13.2,false,false,false,false,false,none
202609020311,2026-04-04,チャーチルダウンズＣ,hanshin-turf-1600-202609020311,阪神,hanshin,Turf,1600,G3,11,special,true,false,false,14,6,2023107053,サンダーストラック,ルメー,Nige,4,6,12,4+,false,false,2,top3,2.8,2.8,2.8,false,false,8,89.9,3.6,0.036000000000000004,27.8,-32.1,2,8,0.491,0.741,2,0.669,0.555,0.705,0.804,0,0.334,0.3,0.35714285714285715,137.5,146.8,,0.006,0.006,0.158,9.1,false,false,true,false,true,opponent
202609020311,2026-04-04,チャーチルダウンズＣ,hanshin-turf-1600-202609020311,阪神,hanshin,Turf,1600,G3,11,special,true,false,false,14,7,2023106868,サトノセプター,岩田望,Senko,5,7,13,4+,false,false,7,longshot,19.8,19.8,19.8,false,false,10,83.6,2.9,0.028999999999999998,34.5,-2.2,7,5,0.396,0.544,7.9,0.413,0.595,0.486,0.114,0,0.705,0.49,0.050505050505050504,783.5,431.1,,0.262,,0.118,15.4,false,false,false,false,false,none
202609020311,2026-04-04,チャーチルダウンズＣ,hanshin-turf-1600-202609020311,阪神,hanshin,Turf,1600,G3,11,special,true,false,false,14,8,2023103752,アンドゥーリル,川田,Senko,5,8,8,4+,false,false,1,top3,2.8,2.8,2.8,false,false,3,94.9,10.9,0.109,9.2,-24.8,1,7,0.511,0.76,2,0.675,0.574,0.682,0.804,0,0.361,0.3,0.35714285714285715,143,150.5,,0,0.006,0.139,4.1,false,true,false,false,true,honmei
202609020311,2026-04-04,チャーチルダウンズＣ,hanshin-turf-1600-202609020311,阪神,hanshin,Turf,1600,G3,11,special,true,false,false,14,9,2023100504,クールデイトナ,吉村,Sashi,6,9,6,4+,false,false,9,longshot,69.5,69.5,69.5,false,false,13,74.5,2.6,0.026000000000000002,38.5,1.2,13,13,0.362,0.501,25.3,0.362,0.466,0.4,0.045,0,0.4,0.501,0.02,2518.4,1269.4,,0.313,,0.247,24.5,false,false,false,false,false,none
202609020311,2026-04-04,チャーチルダウンズＣ,hanshin-turf-1600-202609020311,阪神,hanshin,Turf,1600,G3,11,special,true,false,false,14,10,2023107241,バルセシート,北村友,Senko,6,10,3,2-3,false,true,3,top3,6.9,6.9,6.9,true,false,5,89.9,6.6,0.066,15.2,-7.9,3,2,0.449,0.627,3.4,0.511,0.663,0.585,0.326,0,0.815,0.332,0.14492753623188406,309.5,214.1,,0.164,,0.05,9.1,false,false,false,false,false,none
202609020311,2026-04-04,チャーチルダウンズＣ,hanshin-turf-1600-202609020311,阪神,hanshin,Turf,1600,G3,11,special,true,false,false,14,11,2023110065,ユウファラオ,松若,Oikomi,7,11,2,2-3,false,true,14,longshot,243.9,243.9,243.9,false,true,7,79.2,3.7,0.037000000000000005,27,3.3,11,11,0.374,0.513,86.4,0.365,0.473,0.384,0.045,0,0.4,0.513,0.02,9132.3,4428,,0.31,,0.24,19.8,false,false,false,false,false,none
202609020311,2026-04-04,チャーチルダウンズＣ,hanshin-turf-1600-202609020311,阪神,hanshin,Turf,1600,G3,11,special,true,false,false,14,12,2023103440,サーディンラン,松山,Sashi,7,12,5,4+,false,false,11,longshot,75.7,75.7,75.7,false,false,4,85.2,8.5,0.085,11.8,7.2,10,9,0.39,0.528,27.5,0.399,0.483,0.512,0.045,0,0.4,0.528,0.02,2953.4,1450.7,,0.276,,0.23,13.8,false,false,false,false,false,none
202609020311,2026-04-04,チャーチルダウンズＣ,hanshin-turf-1600-202609020311,阪神,hanshin,Turf,1600,G3,11,special,true,false,false,14,13,2023103648,ファンクション,鮫島駿,Nige,8,13,14,4+,false,false,10,longshot,70.7,70.7,70.7,false,false,6,91.7,4.5,0.045,22.2,3.1,9,10,0.391,0.528,25.7,0.402,0.483,0.525,0.045,0,0.4,0.528,0.02,2763.5,1360.2,,0.273,,0.23,7.3,false,false,false,false,false,none
202609020311,2026-04-04,チャーチルダウンズＣ,hanshin-turf-1600-202609020311,阪神,hanshin,Turf,1600,G3,11,special,true,false,false,14,14,2023105267,アスクイキゴミ,坂井,Senko,8,14,1,1,true,true,5,mid,13.8,13.8,13.8,false,false,11,81.5,2.7,0.027000000000000003,37,-4.5,5,3,0.394,0.55,5.8,0.44,0.641,0.564,0.163,0,0.855,0.396,0.07246376811594203,543.8,320.5,,0.235,,0.072,17.5,false,false,false,false,false,none
202609020312,2026-04-04,４歳以上２勝クラス,hanshin-dirt-1400-202609020312,阪神,hanshin,Dirt,1400,OTHER,12,final12,false,true,false,15,1,2020104473,ゴールデンエール,荻野琢,Sashi,1,1,14,4+,false,false,15,longshot,285.4,285.4,285.4,false,false,5,69.8,2.7,0.027000000000000003,37,2.3,7,8,0.338,0.478,100.9,0.353,0.451,0.416,0.045,0,0.4,0.478,0.02,9650.2,4824.8,,0.398,,0.241,19.7,false,false,false,false,false,none
202609020312,2026-04-04,４歳以上２勝クラス,hanshin-dirt-1400-202609020312,阪神,hanshin,Dirt,1400,OTHER,12,final12,false,true,false,15,2,2021104464,テンクウジョー,西塚,Senko,2,2,9,4+,false,false,10,longshot,125.5,125.5,125.5,false,false,11,53.8,2.4,0.024,41.7,1.6,14,14,0.265,0.409,44.9,0.291,0.406,0.294,0.045,0,0.4,0.409,0.02,3330.5,1837.9,,0.46,,0.286,35.7,false,false,false,false,false,none
202609020312,2026-04-04,４歳以上２勝クラス,hanshin-dirt-1400-202609020312,阪神,hanshin,Dirt,1400,OTHER,12,final12,false,true,false,15,3,2022101043,メイケイレイン,△柴田裕,Sashi,2,3,3,2-3,false,true,4,mid,6.6,6.6,6.6,false,false,1,89.5,34.2,0.342,2.9,19,2,2,0.466,0.645,3.3,0.528,0.672,0.61,0.341,0,0.812,0.327,0.15151515151515152,307.4,213.6,,0.223,0.223,0.02,0,true,false,true,false,true,opponent
202609020312,2026-04-04,４歳以上２勝クラス,hanshin-dirt-1400-202609020312,阪神,hanshin,Dirt,1400,OTHER,12,final12,false,true,false,15,4,2021104205,プチブール,幸,Sashi,3,4,5,4+,false,false,7,longshot,27.8,27.8,27.8,false,false,8,59.5,2.4,0.024,41.7,-1.2,8,7,0.323,0.469,10.7,0.345,0.482,0.375,0.081,0,0.505,0.469,0.03597122302158273,897.9,503.7,,0.406,,0.21,30,false,false,false,false,false,none
202609020312,2026-04-04,４歳以上２勝クラス,hanshin-dirt-1400-202609020312,阪神,hanshin,Dirt,1400,OTHER,12,final12,false,true,false,15,5,2022105963,ポートデラメール,ルメー,Oikomi,3,5,2,2-3,false,true,1,top3,2,2,2,true,false,2,86,23,0.23,4.3,-27,1,5,0.536,0.834,1.7,0.751,0.593,0.711,1,0,0.298,0.3,0.5,107.1,141.8,,0,0.223,0.099,3.5,false,true,false,false,true,honmei
202609020312,2026-04-04,４歳以上２勝クラス,hanshin-dirt-1400-202609020312,阪神,hanshin,Dirt,1400,OTHER,12,final12,false,true,false,15,6,2022104883,オーケアニス,坂井,Senko,4,6,15,4+,false,false,3,top3,6.5,6.5,6.5,false,false,7,71.5,2.4,0.024,41.7,-13,5,6,0.397,0.581,3.3,0.482,0.576,0.552,0.346,0,0.644,0.306,0.15384615384615385,257.9,190.2,,0.269,,0.116,18,false,false,false,false,false,none
202609020312,2026-04-04,４歳以上２勝クラス,hanshin-dirt-1400-202609020312,阪神,hanshin,Dirt,1400,OTHER,12,final12,false,true,false,15,7,2019102656,ロードオルデン,高杉,Senko,4,7,7,4+,false,false,9,longshot,52.7,52.7,52.7,false,false,10,69.2,2.4,0.024,41.7,0.5,9,9,0.335,0.476,19.4,0.341,0.449,0.362,0.045,0,0.4,0.476,0.02,1766.9,924.6,,0.41,,0.243,20.3,false,false,false,false,false,none
202609020312,2026-04-04,４歳以上２勝クラス,hanshin-dirt-1400-202609020312,阪神,hanshin,Dirt,1400,OTHER,12,final12,false,true,false,15,8,2021104399,ラヴオントップ,吉村,Nige,5,8,11,4+,false,false,6,mid,14.4,14.4,14.4,false,false,6,79.7,2.5,0.025,40,-4.4,6,4,0.389,0.544,6,0.423,0.633,0.501,0.156,0,0.84,0.401,0.06944444444444445,560.4,328.6,,0.328,,0.059,9.8,false,false,false,false,false,none
202609020312,2026-04-04,４歳以上２勝クラス,hanshin-dirt-1400-202609020312,阪神,hanshin,Dirt,1400,OTHER,12,final12,false,true,false,15,9,2021106177,タマモナポリ,酒井,Senko,5,9,6,4+,false,false,8,longshot,33.8,33.8,33.8,false,false,9,56.4,2.4,0.024,41.7,-0.6,12,12,0.298,0.443,12.8,0.32,0.428,0.329,0.067,0,0.4,0.443,0.02958579881656805,1005.9,568.5,,0.431,,0.264,33.1,false,false,false,false,false,none
202609020312,2026-04-04,４歳以上２勝クラス,hanshin-dirt-1400-202609020312,阪神,hanshin,Dirt,1400,OTHER,12,final12,false,true,false,15,10,2019101165,キボウノホシ,長岡,Senko,6,10,12,4+,false,false,13,longshot,168.1,168.1,168.1,false,false,14,69.5,2.4,0.024,41.7,1.8,10,11,0.315,0.457,59.8,0.326,0.437,0.339,0.045,0,0.4,0.457,0.02,5300.6,2731.8,,0.425,,0.255,20,false,false,false,false,false,none
202609020312,2026-04-04,４歳以上２勝クラス,hanshin-dirt-1400-202609020312,阪神,hanshin,Dirt,1400,OTHER,12,final12,false,true,false,15,11,2020101216,テイエムヒショウ,▲田山,Oikomi,6,11,1,1,true,true,14,longshot,252.4,252.4,252.4,false,true,15,42.8,2.4,0.024,41.7,2,15,15,0.235,0.38,89.3,0.272,0.387,0.28,0.045,0,0.4,0.38,0.02,5931.4,3397.2,,0.479,,0.305,46.7,false,false,false,false,false,none
202609020312,2026-04-04,４歳以上２勝クラス,hanshin-dirt-1400-202609020312,阪神,hanshin,Dirt,1400,OTHER,12,final12,false,true,false,15,12,2021100739,ワンダーカモン,川又,Senko,7,12,10,4+,false,false,12,longshot,159.6,159.6,159.6,false,false,13,58.3,2.4,0.024,41.7,1.8,13,13,0.285,0.428,56.9,0.305,0.418,0.315,0.045,0,0.4,0.428,0.02,4552.3,2433.4,,0.446,,0.274,31.2,false,false,false,false,false,none
202609020312,2026-04-04,４歳以上２勝クラス,hanshin-dirt-1400-202609020312,阪神,hanshin,Dirt,1400,OTHER,12,final12,false,true,false,15,13,2020102881,プリンスノット,菱田,Senko,7,13,4,4+,false,false,11,longshot,152.9,152.9,152.9,false,false,12,67.2,2.4,0.024,41.7,1.7,11,10,0.319,0.46,54.5,0.324,0.439,0.32,0.045,0,0.4,0.46,0.02,4878,2508.1,,0.427,,0.253,22.3,false,false,false,false,false,none
202609020312,2026-04-04,４歳以上２勝クラス,hanshin-dirt-1400-202609020312,阪神,hanshin,Dirt,1400,OTHER,12,final12,false,true,false,15,14,2022106010,モズタチアガレ,北村友,Nige,8,14,8,4+,false,false,5,mid,8.2,8.2,8.2,false,false,4,86.7,4.3,0.043,23.3,-7.9,4,1,0.427,0.599,3.9,0.483,0.692,0.56,0.274,0,0.936,0.352,0.12195121951219513,350.5,231.7,,0.268,0.054,0,2.8,false,false,false,true,true,wide
202609020312,2026-04-04,４歳以上２勝クラス,hanshin-dirt-1400-202609020312,阪神,hanshin,Dirt,1400,OTHER,12,final12,false,true,false,15,15,2021105584,ツーネサーン,岩田望,Nige,8,15,13,4+,false,false,2,top3,6.3,6.3,6.3,false,false,3,91.8,11.6,0.11599999999999999,8.6,-4.3,3,3,0.45,0.633,3.2,0.512,0.638,0.553,0.357,0,0.735,0.322,0.15873015873015872,283.6,202.9,,0.239,,0.054,-2.3,false,false,false,false,false,none
202606030409,2026-04-05,安房特別(2勝クラス),nakayama-turf-2500-202606030409,中山,nakayama,Turf,2500,OTHER,9,special,true,false,false,8,1,2022105456,オストラヴァ,津村,Sashi,1,1,1,1,true,true,1,top3,2.1,2.1,2.1,true,false,3,81.7,7.7,0.077,13,-39.9,1,7,0.517,0.808,1.7,0.748,0.575,0.769,1,0,0.287,0.3,0.47619047619047616,108.6,140.2,,0,0.202,0.154,13.1,false,true,false,false,true,honmei
202606030409,2026-04-05,安房特別(2勝クラス),nakayama-turf-2500-202606030409,中山,nakayama,Turf,2500,OTHER,9,special,true,false,false,8,2,2021105475,レイデラルース,杉原,Nige,2,2,4,4+,false,false,8,longshot,27.6,27.6,15.6,false,false,8,66.8,4.5,0.045,22.2,-1.9,8,6,0.339,0.494,6.5,0.374,0.593,0.402,0.144,0,0.81,0.371,0.06410256410256411,528.7,319.4,,0.374,,0.136,28,false,false,false,false,false,none
202606030409,2026-04-05,安房特別(2勝クラス),nakayama-turf-2500-202606030409,中山,nakayama,Turf,2500,OTHER,9,special,true,false,false,8,3,2022104725,カーミングライツ,横山和,Senko,3,3,5,4+,false,false,3,top3,6.8,6.8,8.1,false,false,6,73.5,4.5,0.045,22.2,-7.8,5,5,0.384,0.558,3.8,0.46,0.622,0.557,0.278,0,0.812,0.31,0.1234567901234568,310.9,214,,0.288,,0.107,21.3,false,false,false,false,false,none
202606030409,2026-04-05,安房特別(2勝クラス),nakayama-turf-2500-202606030409,中山,nakayama,Turf,2500,OTHER,9,special,true,false,false,8,4,2022106626,ロールザダイス,横山武,Oikomi,4,4,3,2-3,false,true,7,longshot,13.8,13.8,10.8,false,false,1,94.8,50.1,0.501,2,40.8,3,2,0.496,0.654,4.8,0.503,0.725,0.562,0.208,0,0.93,0.397,0.09259259259259259,535.6,312.4,,0.245,,0.004,0,true,false,false,false,false,none
202606030409,2026-04-05,安房特別(2勝クラス),nakayama-turf-2500-202606030409,中山,nakayama,Turf,2500,OTHER,9,special,true,false,false,8,5,2022106624,リギーロ,佐々木,Senko,5,5,7,4+,false,false,4,mid,11.2,11.2,10.8,false,false,7,65.2,4.5,0.045,22.2,-4.8,7,4,0.355,0.519,4.8,0.401,0.643,0.422,0.208,0,0.93,0.316,0.09259259259259259,382.9,248.2,,0.347,,0.086,29.6,false,false,false,false,false,none
202606030409,2026-04-05,安房特別(2勝クラス),nakayama-turf-2500-202606030409,中山,nakayama,Turf,2500,OTHER,9,special,true,false,false,8,6,2021105106,タッチアンドムーブ,荻野極,Oikomi,6,6,6,4+,false,false,5,mid,12,12,9,false,false,2,88.4,18.8,0.188,5.3,7.7,4,1,0.473,0.639,4.2,0.503,0.729,0.569,0.25,0,0.975,0.367,0.1111111111111111,426.1,265.1,,0.245,0.005,0,6.4,false,false,false,true,true,wide
202606030409,2026-04-05,安房特別(2勝クラス),nakayama-turf-2500-202606030409,中山,nakayama,Turf,2500,OTHER,9,special,true,false,false,8,7,2021106563,イクリール,原,Senko,7,7,8,4+,false,false,2,top3,3.5,3.5,4.9,false,false,4,86.1,5.3,0.053,18.9,-15.1,2,8,0.445,0.644,2.7,0.547,0.572,0.617,0.459,0,0.535,0.3,0.2040816326530612,218.1,174.9,,0.201,0.202,0.157,8.7,false,false,true,false,true,opponent
202606030409,2026-04-05,安房特別(2勝クラス),nakayama-turf-2500-202606030409,中山,nakayama,Turf,2500,OTHER,9,special,true,false,false,8,8,2021100660,ダイシンアポロン,丹内,Senko,8,8,2,2-3,false,true,6,mid,12.1,12.1,10,false,false,5,82.1,4.6,0.046,21.7,-5.4,6,3,0.413,0.577,4.5,0.45,0.686,0.494,0.225,0,0.95,0.361,0.1,413,259.8,,0.298,,0.043,12.7,false,false,false,false,false,none
202606030410,2026-04-05,アリエスＳ(3勝クラス),nakayama-dirt-1800-202606030410,中山,nakayama,Dirt,1800,OTHER,10,special,true,false,false,16,1,2022106541,グレイテストソング,国分恭,Nige,1,1,7,4+,false,false,8,longshot,24.8,24.8,21.2,false,false,7,71.5,2.5,0.025,40,-2.2,8,4,0.362,0.511,8.4,0.378,0.563,0.407,0.106,0,0.67,0.481,0.04716981132075472,768.2,430.1,,0.195,,0.111,9.6,false,false,false,false,false,none
202606030410,2026-04-05,アリエスＳ(3勝クラス),nakayama-dirt-1800-202606030410,中山,nakayama,Dirt,1800,OTHER,10,special,true,false,false,16,2,2020102861,ラテラルシンキング,石川,Sashi,1,2,16,4+,false,false,13,longshot,90.2,90.2,33,false,false,2,78.1,24.4,0.244,4.1,21.4,7,12,0.398,0.539,12.5,0.381,0.49,0.373,0.068,0,0.4,0.539,0.030303030303030304,1312.8,675.9,,0.192,,0.184,3,false,false,false,false,false,none
202606030410,2026-04-05,アリエスＳ(3勝クラス),nakayama-dirt-1800-202606030410,中山,nakayama,Dirt,1800,OTHER,10,special,true,false,false,16,3,2019101168,レッドラパルマ,柴田善,Senko,2,3,8,4+,false,false,12,longshot,57.5,57.5,21.2,false,false,14,48.1,2.2,0.022000000000000002,45.5,-2.5,12,11,0.293,0.445,8.4,0.324,0.521,0.314,0.106,0,0.67,0.415,0.04716981132075472,622.1,374.9,,0.249,,0.153,33,false,false,false,false,false,none
202606030410,2026-04-05,アリエスＳ(3勝クラス),nakayama-dirt-1800-202606030410,中山,nakayama,Dirt,1800,OTHER,10,special,true,false,false,16,4,2019105188,クロースコンバット,原,Sashi,2,4,15,4+,false,false,10,longshot,29.2,29.2,22.9,false,false,8,65.3,2.4,0.024,41.7,-2,9,8,0.356,0.503,9,0.368,0.546,0.383,0.098,0,0.628,0.501,0.04366812227074236,814.1,453.5,,0.205,,0.128,15.8,false,false,false,false,false,none
202606030410,2026-04-05,アリエスＳ(3勝クラス),nakayama-dirt-1800-202606030410,中山,nakayama,Dirt,1800,OTHER,10,special,true,false,false,16,5,2020101941,バリアントバイオ,小沢,Senko,3,5,12,4+,false,false,16,longshot,144.6,144.6,87.9,false,false,16,42,2.2,0.022000000000000002,45.5,1.1,16,16,0.245,0.39,31.8,0.278,0.393,0.284,0.045,0,0.4,0.39,0.02,2154,1238.2,,0.295,,0.281,39.1,false,false,false,false,false,none
202606030410,2026-04-05,アリエスＳ(3勝クラス),nakayama-dirt-1800-202606030410,中山,nakayama,Dirt,1800,OTHER,10,special,true,false,false,16,6,2021101045,タイセイミッション,黛,Senko,3,6,10,4+,false,false,4,mid,11.8,11.8,10.8,false,false,3,83,11.8,0.11800000000000001,8.5,2.5,3,1,0.406,0.568,4.8,0.451,0.674,0.537,0.208,0,0.93,0.365,0.09259259259259259,438.3,271.5,,0.122,0.033,0,-1.9,false,false,false,true,true,wide
202606030410,2026-04-05,アリエスＳ(3勝クラス),nakayama-dirt-1800-202606030410,中山,nakayama,Dirt,1800,OTHER,10,special,true,false,false,16,7,2021105156,ウィンドフォール,石橋脩,Senko,4,7,2,2-3,false,true,3,top3,6,6,8.6,true,false,6,71.8,2.9,0.028999999999999998,34.5,-8.7,4,2,0.385,0.556,4,0.435,0.641,0.449,0.262,0,0.866,0.316,0.11627906976744186,331.1,223.1,,0.138,,0.033,9.3,false,false,false,false,false,none
202606030410,2026-04-05,アリエスＳ(3勝クラス),nakayama-dirt-1800-202606030410,中山,nakayama,Dirt,1800,OTHER,10,special,true,false,false,16,8,2022110054,デルアヴァー,荻野極,Oikomi,4,8,3,2-3,false,true,2,top3,3.2,3.2,4.1,true,false,1,81.1,25.2,0.252,4,0.8,2,5,0.464,0.676,2.4,0.569,0.563,0.573,0.549,0,0.461,0.3,0.24390243902439027,190.1,164.6,,0.004,0.005,0.111,0,true,false,true,false,true,opponent
202606030410,2026-04-05,アリエスＳ(3勝クラス),nakayama-dirt-1800-202606030410,中山,nakayama,Dirt,1800,OTHER,10,special,true,false,false,16,9,2020106919,メイショウフジ,大野,Senko,5,9,5,4+,false,false,11,longshot,52.8,52.8,25.5,false,false,15,46.8,2.2,0.022000000000000002,45.5,-1.7,13,13,0.284,0.434,9.9,0.313,0.479,0.307,0.088,0,0.563,0.434,0.0392156862745098,724.3,430.3,,0.26,,0.195,34.3,false,false,false,false,false,none
202606030410,2026-04-05,アリエスＳ(3勝クラス),nakayama-dirt-1800-202606030410,中山,nakayama,Dirt,1800,OTHER,10,special,true,false,false,16,10,2018101243,オレデイイノカ,松岡,Nige,5,10,9,4+,false,false,15,longshot,121.4,121.4,58.6,false,false,12,55.7,2.3,0.023,43.5,0.6,14,14,0.293,0.435,21.5,0.306,0.423,0.302,0.045,0,0.4,0.435,0.02,1714.1,935.4,,0.267,,0.251,25.4,false,false,false,false,false,none
202606030410,2026-04-05,アリエスＳ(3勝クラス),nakayama-dirt-1800-202606030410,中山,nakayama,Dirt,1800,OTHER,10,special,true,false,false,16,11,2020110100,シゲルソロソロ,丹内,Nige,6,11,13,4+,false,false,9,longshot,25.1,25.1,23.9,false,false,5,75.2,3.6,0.036000000000000004,27.8,-0.6,10,10,0.35,0.498,9.4,0.363,0.534,0.378,0.094,0,0.603,0.498,0.041841004184100423,837.5,465.9,,0.21,,0.14,5.9,false,false,false,false,false,none
202606030410,2026-04-05,アリエスＳ(3勝クラス),nakayama-dirt-1800-202606030410,中山,nakayama,Dirt,1800,OTHER,10,special,true,false,false,16,12,2021105262,ラオラシオン,横山琉,Sashi,6,12,6,4+,false,false,6,mid,17.9,17.9,12.1,false,false,10,64.5,2.3,0.023,43.5,-6,6,3,0.368,0.528,5.2,0.403,0.639,0.423,0.186,0,0.898,0.347,0.08264462809917356,445.2,276.6,,0.17,,0.035,16.6,false,false,false,false,false,none
202606030410,2026-04-05,アリエスＳ(3勝クラス),nakayama-dirt-1800-202606030410,中山,nakayama,Dirt,1800,OTHER,10,special,true,false,false,16,13,2020101020,ペイシャモノノフ,佐々木,Oikomi,7,13,11,4+,false,false,7,longshot,18.8,18.8,19.4,false,false,11,58,2.3,0.023,43.5,-2.9,11,6,0.33,0.482,7.8,0.363,0.557,0.401,0.116,0,0.715,0.422,0.051546391752577324,641,375.4,,0.21,,0.117,23.1,false,false,false,false,false,none
202606030410,2026-04-05,アリエスＳ(3勝クラス),nakayama-dirt-1800-202606030410,中山,nakayama,Dirt,1800,OTHER,10,special,true,false,false,16,14,2021105272,タンゴバイラリン,菊沢,Sashi,7,14,4,4+,false,false,5,mid,13.8,13.8,7.8,false,false,9,52.3,2.3,0.023,43.5,-10.5,5,7,0.344,0.522,3.7,0.404,0.551,0.368,0.288,0,0.677,0.269,0.12820512820512822,268.7,194.8,,0.169,,0.123,28.8,false,false,false,false,false,none
202606030410,2026-04-05,アリエスＳ(3勝クラス),nakayama-dirt-1800-202606030410,中山,nakayama,Dirt,1800,OTHER,10,special,true,false,false,16,15,2019102082,トルーマンテソーロ,木幡巧,Nige,8,15,14,4+,false,false,14,longshot,114,114,67.7,false,false,13,62.7,2.3,0.023,43.5,0.8,15,15,0.284,0.427,24.7,0.304,0.417,0.312,0.045,0,0.4,0.427,0.02,1923.2,1054.1,,0.269,,0.257,18.4,false,false,false,false,false,none
202606030410,2026-04-05,アリエスＳ(3勝クラス),nakayama-dirt-1800-202606030410,中山,nakayama,Dirt,1800,OTHER,10,special,true,false,false,16,16,2022100394,メリークリスマス,三浦,Senko,8,16,1,1,true,true,1,top3,3,3,4,true,false,4,82.4,9.2,0.092,10.9,-15.8,1,9,0.442,0.658,2.4,0.573,0.536,0.637,0.563,0,0.413,0.3,0.25,176.8,157.8,,0,0.005,0.138,-1.3,false,true,false,false,true,honmei
202606030411,2026-04-05,美浦Ｓ(3勝クラス),nakayama-turf-2000-202606030411,中山,nakayama,Turf,2000,OTHER,11,special,true,false,false,16,1,2022105454,シャドウメテオ,丹内,Senko,1,1,2,2-3,false,true,4,mid,8.9,8.9,8.1,false,false,3,77.1,4.9,0.049,20.4,-7.4,4,2,0.412,0.584,3.8,0.463,0.665,0.499,0.278,0,0.885,0.336,0.1234567901234568,333.6,224.2,,0.117,,0.023,17.3,false,false,false,false,false,none
202606030411,2026-04-05,美浦Ｓ(3勝クラス),nakayama-turf-2000-202606030411,中山,nakayama,Turf,2000,OTHER,11,special,true,false,false,16,2,2020104297,ルクスビッグスター,石橋脩,Oikomi,1,2,10,4+,false,false,15,longshot,111.7,111.7,37.8,false,false,13,59,2.3,0.023,43.5,-0.3,14,15,0.32,0.463,14.2,0.328,0.441,0.325,0.06,0,0.4,0.463,0.026455026455026457,1208.3,658.7,,0.252,,0.247,35.4,false,false,false,false,false,none
202606030411,2026-04-05,美浦Ｓ(3勝クラス),nakayama-turf-2000-202606030411,中山,nakayama,Turf,2000,OTHER,11,special,true,false,false,16,3,2022105777,ドゥカート,津村,Nige,2,3,11,4+,false,false,11,longshot,22.5,22.5,18,false,false,4,79.6,4.8,0.048,20.8,-0.8,9,10,0.391,0.541,7.3,0.41,0.606,0.468,0.125,0,0.75,0.458,0.05555555555555555,704.6,395.2,,0.17,,0.082,14.8,false,false,false,false,false,none
202606030411,2026-04-05,美浦Ｓ(3勝クラス),nakayama-turf-2000-202606030411,中山,nakayama,Turf,2000,OTHER,11,special,true,false,false,16,4,2021106595,ヤマニンアドホック,石川,Sashi,2,4,3,2-3,false,true,1,top3,3.5,3.5,4.6,true,false,1,94.4,49.9,0.499,2,28.2,1,9,0.486,0.688,2.6,0.58,0.607,0.638,0.489,0,0.568,0.3,0.2173913043478261,223.7,179.6,,0,0.09,0.081,0,true,true,false,false,true,honmei
202606030411,2026-04-05,美浦Ｓ(3勝クラス),nakayama-turf-2000-202606030411,中山,nakayama,Turf,2000,OTHER,11,special,true,false,false,16,5,2021105609,スパークリシャール,柴田善,Senko,3,5,13,4+,false,false,8,longshot,18.9,18.9,14.6,false,false,2,83.5,10.5,0.105,9.5,3.7,8,5,0.415,0.569,6.1,0.422,0.648,0.43,0.154,0,0.835,0.429,0.0684931506849315,606.4,347.4,,0.158,,0.04,10.9,false,false,false,false,false,none
202606030411,2026-04-05,美浦Ｓ(3勝クラス),nakayama-turf-2000-202606030411,中山,nakayama,Turf,2000,OTHER,11,special,true,false,false,16,6,2022101329,フクノブルーレイク,松岡,Senko,3,6,4,4+,false,false,6,mid,12.4,12.4,15.5,false,false,10,71.3,2.4,0.024,41.7,-4.1,10,7,0.379,0.532,6.4,0.398,0.618,0.419,0.145,0,0.813,0.407,0.06451612903225806,586.9,342,,0.182,,0.07,23.1,false,false,false,false,false,none
202606030411,2026-04-05,美浦Ｓ(3勝クラス),nakayama-turf-2000-202606030411,中山,nakayama,Turf,2000,OTHER,11,special,true,false,false,16,7,2020103693,フレーヴァード,横山和,Sashi,4,7,14,4+,false,false,5,mid,10.7,10.7,9.2,false,false,7,73.9,2.5,0.025,40,-8.4,5,1,0.403,0.571,4.2,0.44,0.688,0.447,0.245,0,0.97,0.341,0.10869565217391305,370.9,241,,0.14,0.023,0,20.5,false,false,false,true,true,wide
202606030411,2026-04-05,美浦Ｓ(3勝クラス),nakayama-turf-2000-202606030411,中山,nakayama,Turf,2000,OTHER,11,special,true,false,false,16,8,2021105503,クルミナーレ,荻野極,Senko,4,8,8,4+,false,false,3,top3,6,6,7.9,false,false,5,79,3.3,0.033,30.3,-9.4,3,4,0.413,0.586,3.8,0.48,0.658,0.572,0.285,0,0.862,0.335,0.12658227848101264,326,220.7,,0.1,,0.03,15.4,false,false,false,false,false,none
202606030411,2026-04-05,美浦Ｓ(3勝クラス),nakayama-turf-2000-202606030411,中山,nakayama,Turf,2000,OTHER,11,special,true,false,false,16,9,2019100768,マイネルニコラス,柴田大,Senko,5,9,16,4+,false,false,16,longshot,166.9,166.9,63.3,false,false,16,55.4,2.2,0.022000000000000002,45.5,0.6,16,16,0.298,0.44,23.2,0.31,0.426,0.307,0.045,0,0.4,0.44,0.02,1885.6,1018.8,,0.27,,0.262,39,false,false,false,false,false,none
202606030411,2026-04-05,美浦Ｓ(3勝クラス),nakayama-turf-2000-202606030411,中山,nakayama,Turf,2000,OTHER,11,special,true,false,false,16,10,2020106811,タイキラフター,大野,Sashi,5,10,12,4+,false,false,7,longshot,18.9,18.9,9.1,false,false,11,69.6,2.3,0.023,43.5,-8.7,6,3,0.385,0.554,4.2,0.428,0.658,0.431,0.247,0,0.917,0.323,0.10989010989010989,350.6,232,,0.152,,0.03,24.8,false,false,false,false,false,none
202606030411,2026-04-05,美浦Ｓ(3勝クラス),nakayama-turf-2000-202606030411,中山,nakayama,Turf,2000,OTHER,11,special,true,false,false,16,11,2022102982,ダンツファイター,佐々木,Senko,6,11,5,4+,false,false,9,longshot,19.3,19.3,13.4,false,false,8,74.3,2.5,0.025,40,-5,7,6,0.382,0.539,5.7,0.426,0.637,0.519,0.168,0,0.865,0.379,0.07462686567164178,512.1,306.8,,0.154,,0.051,20.1,false,false,false,false,false,none
202606030411,2026-04-05,美浦Ｓ(3勝クラス),nakayama-turf-2000-202606030411,中山,nakayama,Turf,2000,OTHER,11,special,true,false,false,16,12,2020103928,ホウオウスーペリア,横山琉,Sashi,6,12,6,4+,false,false,10,longshot,19.9,19.9,22.4,false,false,15,51,2.2,0.022000000000000002,45.5,-2.3,15,11,0.293,0.444,8.8,0.328,0.511,0.343,0.1,0,0.64,0.434,0.044642857142857144,655.5,392.2,,0.252,,0.177,43.4,false,false,false,false,false,none
202606030411,2026-04-05,美浦Ｓ(3勝クラス),nakayama-turf-2000-202606030411,中山,nakayama,Turf,2000,OTHER,11,special,true,false,false,16,13,2020103168,トーアライデン,丸山,Oikomi,7,13,9,4+,false,false,12,longshot,44.9,44.9,66.4,false,false,14,67.8,2.3,0.023,43.5,0.8,13,14,0.331,0.472,24.2,0.336,0.446,0.35,0.045,0,0.4,0.472,0.02,2198.4,1143,,0.244,,0.242,26.6,false,false,false,false,false,none
202606030411,2026-04-05,美浦Ｓ(3勝クラス),nakayama-turf-2000-202606030411,中山,nakayama,Turf,2000,OTHER,11,special,true,false,false,16,14,2022104813,ジュタ,横山武,Sashi,7,14,1,1,true,true,2,top3,5.1,5.1,6.5,true,false,6,77.8,3.1,0.031,32.3,-12.3,2,8,0.423,0.605,3.3,0.489,0.611,0.522,0.346,0,0.702,0.325,0.15384615384615385,274.6,198.2,,0.091,0.09,0.077,16.6,false,false,true,false,true,opponent
202606030411,2026-04-05,美浦Ｓ(3勝クラス),nakayama-turf-2000-202606030411,中山,nakayama,Turf,2000,OTHER,11,special,true,false,false,16,15,2020100809,アマイ,原,Oikomi,8,15,7,4+,false,false,13,longshot,56.3,56.3,30.3,false,false,12,60.7,2.3,0.023,43.5,-1,12,12,0.331,0.476,11.6,0.339,0.464,0.333,0.074,0,0.442,0.476,0.033003300330033,1002.1,552.1,,0.241,,0.224,33.7,false,false,false,false,false,none
202606030411,2026-04-05,美浦Ｓ(3勝クラス),nakayama-turf-2000-202606030411,中山,nakayama,Turf,2000,OTHER,11,special,true,false,false,16,16,2021105746,アルトゥーム,小沢,Oikomi,8,16,15,4+,false,false,14,longshot,77.6,77.6,54.1,false,false,9,72.3,2.5,0.025,40,0.7,11,13,0.359,0.498,19.9,0.349,0.464,0.339,0.045,0,0.4,0.498,0.02,1944.2,993.6,,0.231,,0.224,22.1,false,false,false,false,false,none
202606030412,2026-04-05,４歳以上２勝クラス,nakayama-turf-1600-202606030412,中山,nakayama,Turf,1600,OTHER,12,final12,false,true,false,12,1,2022106803,ミラーダカリエンテ,▲石田,Oikomi,1,1,8,4+,false,false,7,longshot,24.1,24.1,17,false,false,8,52.9,3,0.03,33.3,-2.9,8,7,0.312,0.467,7,0.345,0.565,0.339,0.132,0,0.775,0.367,0.058823529411764705,530.7,324.7,,0.318,,0.137,40.7,false,false,false,false,false,none
202606030412,2026-04-05,４歳以上２勝クラス,nakayama-turf-1600-202606030412,中山,nakayama,Turf,1600,OTHER,12,final12,false,true,false,12,2,2021105252,シャンパンマーク,丹内,Sashi,2,2,4,4+,false,false,5,mid,13.5,13.5,9,false,false,4,78.9,4.6,0.046,21.7,-6.5,4,1,0.423,0.591,4.2,0.459,0.702,0.481,0.25,0,0.975,0.357,0.1111111111111111,380.6,245.1,,0.204,0.039,0,14.7,false,false,false,true,true,wide
202606030412,2026-04-05,４歳以上２勝クラス,nakayama-turf-1600-202606030412,中山,nakayama,Turf,1600,OTHER,12,final12,false,true,false,12,3,2022105144,リバーバレイト,佐々木,Sashi,3,3,1,1,true,true,2,top3,3,3,4.3,true,false,3,87.1,16.2,0.162,6.2,-7.1,2,5,0.472,0.68,2.5,0.575,0.579,0.614,0.523,0,0.502,0.3,0.23255813953488372,202.9,170.2,,0.088,0.088,0.123,6.5,false,false,true,false,true,opponent
202606030412,2026-04-05,４歳以上２勝クラス,nakayama-turf-1600-202606030412,中山,nakayama,Turf,1600,OTHER,12,final12,false,true,false,12,4,2021100104,ダイシンバースディ,武藤,Senko,4,4,12,4+,false,false,11,longshot,162,162,30.4,false,false,10,43.1,3,0.03,33.3,-0.3,10,10,0.273,0.42,11.6,0.302,0.427,0.3,0.074,0,0.44,0.42,0.03289473684210526,828.6,489.4,,0.361,,0.275,50.5,false,false,false,false,false,none
202606030412,2026-04-05,４歳以上２勝クラス,nakayama-turf-1600-202606030412,中山,nakayama,Turf,1600,OTHER,12,final12,false,true,false,12,5,2022105807,パワースナッチ,杉原,Senko,5,5,3,2-3,false,true,3,top3,5.6,5.6,6.6,true,false,2,89.7,19.9,0.19899999999999998,5,4.7,3,2,0.459,0.639,3.3,0.514,0.663,0.56,0.341,0,0.796,0.327,0.15151515151515152,302.7,211.4,,0.149,,0.039,3.9,false,false,false,false,false,none
202606030412,2026-04-05,４歳以上２勝クラス,nakayama-turf-1600-202606030412,中山,nakayama,Turf,1600,OTHER,12,final12,false,true,false,12,6,2020106963,アンタノバラード,黛,Nige,5,6,11,4+,false,false,10,longshot,113.2,113.2,38.4,false,false,11,44.5,3,0.03,33.3,0.4,11,11,0.275,0.42,14.4,0.3,0.413,0.298,0.059,0,0.4,0.42,0.026041666666666668,1056.3,607.1,,0.363,,0.289,49.1,false,false,false,false,false,none
202606030412,2026-04-05,４歳以上２勝クラス,nakayama-turf-1600-202606030412,中山,nakayama,Turf,1600,OTHER,12,final12,false,true,false,12,7,2020104285,ラーテル,原田和,Oikomi,6,7,7,4+,false,false,12,longshot,236.5,236.5,50.2,false,false,12,43.3,3,0.03,33.3,1,12,12,0.263,0.407,18.6,0.289,0.404,0.291,0.045,0,0.4,0.407,0.02,1319.1,755.1,,0.374,,0.298,50.3,false,false,false,false,false,none
202606030412,2026-04-05,４歳以上２勝クラス,nakayama-turf-1600-202606030412,中山,nakayama,Turf,1600,OTHER,12,final12,false,true,false,12,8,2020106415,ロゼル,横山琉,Sashi,6,8,6,4+,false,false,9,longshot,42.7,42.7,23.1,false,false,7,69.8,3.1,0.031,32.3,-1.2,7,9,0.363,0.51,9.1,0.379,0.549,0.418,0.097,0,0.622,0.51,0.04329004329004329,838,463.1,,0.284,,0.153,23.8,false,false,false,false,false,none
202606030412,2026-04-05,４歳以上２勝クラス,nakayama-turf-1600-202606030412,中山,nakayama,Turf,1600,OTHER,12,final12,false,true,false,12,9,2020105809,マイネルフォルツァ,石川,Oikomi,7,9,9,4+,false,false,8,longshot,35.4,35.4,18,false,false,9,55.4,3,0.03,33.3,-2.6,9,8,0.304,0.458,7.3,0.337,0.552,0.332,0.125,0,0.75,0.375,0.05555555555555555,547.3,334.5,,0.326,,0.15,38.2,false,false,false,false,false,none
202606030412,2026-04-05,４歳以上２勝クラス,nakayama-turf-1600-202606030412,中山,nakayama,Turf,1600,OTHER,12,final12,false,true,false,12,10,2021103799,ケイケイ,木幡巧,Senko,7,10,10,4+,false,false,6,mid,24,24,14.7,false,false,6,69.2,3.1,0.031,32.3,-3.7,6,4,0.368,0.524,6.1,0.388,0.618,0.385,0.153,0,0.833,0.386,0.06802721088435375,541.7,321.9,,0.275,,0.084,24.4,false,false,false,false,false,none
202606030412,2026-04-05,４歳以上２勝クラス,nakayama-turf-1600-202606030412,中山,nakayama,Turf,1600,OTHER,12,final12,false,true,false,12,11,2022105141,レーヴブリリアント,△舟山,Senko,8,11,5,4+,false,false,4,mid,9,9,7.8,false,false,5,75.4,3.3,0.033,30.3,-9.5,5,3,0.407,0.581,3.7,0.458,0.644,0.475,0.288,0,0.834,0.328,0.12820512820512822,317.2,216.8,,0.205,,0.058,18.2,false,false,false,false,false,none
202606030412,2026-04-05,４歳以上２勝クラス,nakayama-turf-1600-202606030412,中山,nakayama,Turf,1600,OTHER,12,final12,false,true,false,12,12,2022105501,プリムツァール,横山武,Senko,8,12,2,2-3,false,true,1,top3,2.4,2.4,3,true,false,1,93.6,35,0.35,2.9,1.7,1,6,0.506,0.748,2.1,0.663,0.574,0.695,0.75,0,0.381,0.3,0.3333333333333333,151.9,153.3,,0,0.088,0.128,0,true,true,false,false,true,honmei
202609020409,2026-04-05,バイオレットＳ,hanshin-dirt-1400-202609020409,阪神,hanshin,Dirt,1400,OP,9,special,true,false,false,12,1,2023100803,ジャックナダル,西村淳,Nige,1,1,9,4+,false,false,12,longshot,41.9,41.9,18.3,false,false,8,80.1,3.2,0.032,31.3,-2.3,11,11,0.388,0.538,7.4,0.419,0.602,0.523,0.123,0,0.742,0.46,0.0546448087431694,710.6,398.4,,0.184,,0.115,14.3,false,false,false,false,false,none
202609020409,2026-04-05,バイオレットＳ,hanshin-dirt-1400-202609020409,阪神,hanshin,Dirt,1400,OP,9,special,true,false,false,12,2,2023105092,マジッククッキー,川田,Nige,2,2,3,2-3,false,true,1,top3,2.7,2.7,4,true,false,1,94.4,21.7,0.217,4.6,-3.3,1,12,0.493,0.706,2.4,0.603,0.592,0.652,0.563,0,0.496,0.3,0.25,197.3,169.5,,0,0.082,0.125,0,true,true,false,false,true,honmei
202609020409,2026-04-05,バイオレットＳ,hanshin-dirt-1400-202609020409,阪神,hanshin,Dirt,1400,OP,9,special,true,false,false,12,3,2023100547,ビービークローサー,坂井,Senko,3,3,2,2-3,false,true,7,longshot,14.6,14.6,13.5,false,false,6,83.3,4.6,0.046,21.7,-2.8,8,5,0.417,0.572,5.7,0.453,0.658,0.567,0.167,0,0.862,0.414,0.07407407407407407,562.7,327.4,,0.15,,0.059,11.1,false,false,false,false,false,none
202609020409,2026-04-05,バイオレットＳ,hanshin-dirt-1400-202609020409,阪神,hanshin,Dirt,1400,OP,9,special,true,false,false,12,4,2023104562,テーオーグレーザー,高杉,Oikomi,4,4,7,4+,false,false,5,mid,10.9,10.9,11.3,false,false,4,93.2,12.9,0.129,7.8,4.1,4,2,0.448,0.606,5,0.478,0.695,0.575,0.199,0,0.918,0.405,0.08849557522123894,505.8,300.4,,0.125,,0.022,1.2,false,false,false,false,false,none
202609020409,2026-04-05,バイオレットＳ,hanshin-dirt-1400-202609020409,阪神,hanshin,Dirt,1400,OP,9,special,true,false,false,12,5,2023106619,レッドスティンガー,ルメー,Sashi,5,5,6,4+,false,false,3,top3,9.9,9.9,9.9,false,false,3,96,16.7,0.16699999999999998,6,6.6,3,1,0.466,0.628,4.5,0.493,0.717,0.567,0.227,0,0.952,0.382,0.10101010101010101,461.1,280.3,,0.11,0.022,0,-1.6,false,false,false,true,true,wide
202609020409,2026-04-05,バイオレットＳ,hanshin-dirt-1400-202609020409,阪神,hanshin,Dirt,1400,OP,9,special,true,false,false,12,6,2023110090,エコロレーヴ,団野,Sashi,5,6,1,1,true,true,4,mid,9.9,9.9,7.6,false,false,9,73.4,3,0.03,33.3,-10.2,5,10,0.394,0.57,3.7,0.471,0.616,0.566,0.296,0,0.776,0.313,0.13157894736842105,299.2,208.6,,0.132,,0.101,21,false,false,false,false,false,none
202609020409,2026-04-05,バイオレットＳ,hanshin-dirt-1400-202609020409,阪神,hanshin,Dirt,1400,OP,9,special,true,false,false,12,7,2023106940,エブリーポッシブル,岩田望,Sashi,6,7,4,4+,false,false,9,longshot,18.4,18.4,14.7,false,false,7,82.4,3.7,0.037000000000000005,27,-3.1,9,8,0.405,0.558,6.1,0.441,0.64,0.554,0.153,0,0.833,0.42,0.06802721088435375,594.8,343,,0.162,,0.077,12,false,false,false,false,false,none
202609020409,2026-04-05,バイオレットＳ,hanshin-dirt-1400-202609020409,阪神,hanshin,Dirt,1400,OP,9,special,true,false,false,12,8,2023100670,ルクスレイモンド,武豊,Nige,6,8,11,4+,false,false,10,longshot,27.1,27.1,14.8,false,false,2,97.2,20.3,0.203,4.9,13.5,6,4,0.454,0.605,6.2,0.47,0.669,0.575,0.152,0,0.83,0.463,0.06756756756756756,671.3,373.6,,0.133,,0.048,-2.8,false,false,false,false,false,none
202609020409,2026-04-05,バイオレットＳ,hanshin-dirt-1400-202609020409,阪神,hanshin,Dirt,1400,OP,9,special,true,false,false,12,9,2023102991,ローズカリス,田口,Nige,7,9,10,4+,false,false,11,longshot,27.3,27.3,11.7,false,false,11,70.4,3,0.03,33.3,-5.5,12,6,0.384,0.545,5.1,0.406,0.653,0.386,0.192,0,0.908,0.357,0.08547008547008547,449.4,277.6,,0.197,,0.064,24,false,false,false,false,false,none
202609020409,2026-04-05,バイオレットＳ,hanshin-dirt-1400-202609020409,阪神,hanshin,Dirt,1400,OP,9,special,true,false,false,12,10,2023104275,ハグレジョー,鮫島駿,Oikomi,7,10,5,4+,false,false,8,longshot,17.4,17.4,13.2,false,false,12,75.5,3,0.03,33.3,-4.6,10,7,0.383,0.541,5.6,0.432,0.64,0.544,0.17,0,0.87,0.377,0.07575757575757576,506,303.8,,0.171,,0.077,18.9,false,false,false,false,false,none
202609020409,2026-04-05,バイオレットＳ,hanshin-dirt-1400-202609020409,阪神,hanshin,Dirt,1400,OP,9,special,true,false,false,12,11,2023102173,メイショウカクウチ,菱田,Oikomi,8,11,8,4+,false,false,2,top3,4.3,4.3,6.3,false,false,5,86.2,4.8,0.048,20.8,-11.1,2,9,0.445,0.629,3.2,0.522,0.632,0.612,0.357,0,0.725,0.322,0.15873015873015872,280.6,201.5,,0.081,0.082,0.085,8.2,false,false,true,false,true,opponent
202609020409,2026-04-05,バイオレットＳ,hanshin-dirt-1400-202609020409,阪神,hanshin,Dirt,1400,OP,9,special,true,false,false,12,12,2023100613,サマーゲール,松山,Oikomi,8,12,12,4+,false,false,6,mid,11.3,11.3,9.8,false,false,10,79.9,3,0.03,33.3,-7.2,7,3,0.408,0.574,4.4,0.466,0.685,0.582,0.23,0,0.955,0.354,0.1020408163265306,400.3,254.2,,0.137,,0.032,14.5,false,false,false,false,false,none
202609020410,2026-04-05,心斎橋Ｓ(3勝クラス),hanshin-turf-1400-202609020410,阪神,hanshin,Turf,1400,OTHER,10,special,true,false,false,18,1,2021104167,エイムフォーエース,酒井,Senko,1,1,6,4+,false,false,7,longshot,17.5,17.5,8,false,false,6,67.4,2,0.02,50,-10.5,6,5,0.38,0.555,3.8,0.433,0.613,0.427,0.281,0,0.792,0.305,0.125,304.2,210.9,,0.137,,0.054,29.6,false,false,false,false,false,none
202609020410,2026-04-05,心斎橋Ｓ(3勝クラス),hanshin-turf-1400-202609020410,阪神,hanshin,Turf,1400,OTHER,10,special,true,false,false,18,2,2022101432,スライビングロード,岩田望,Senko,1,2,2,2-3,false,true,1,top3,3.2,3.2,4.5,true,false,4,88.8,10,0.1,10,-12.2,1,9,0.464,0.669,2.6,0.57,0.578,0.638,0.5,0,0.516,0.3,0.2222222222222222,208.9,172.2,,0,0.017,0.089,8.2,false,true,false,false,true,honmei
202609020410,2026-04-05,心斎橋Ｓ(3勝クラス),hanshin-turf-1400-202609020410,阪神,hanshin,Turf,1400,OTHER,10,special,true,false,false,18,3,2021105370,キャプテンシー,松山,Sashi,2,3,16,4+,false,false,10,longshot,23.7,23.7,15.2,false,false,8,59.2,2,0.02,50,-4.6,10,7,0.346,0.502,6.3,0.367,0.6,0.345,0.148,0,0.82,0.372,0.06578947368421052,525.7,317,,0.203,,0.067,37.8,false,false,false,false,false,none
202609020410,2026-04-05,心斎橋Ｓ(3勝クラス),hanshin-turf-1400-202609020410,阪神,hanshin,Turf,1400,OTHER,10,special,true,false,false,18,4,2020103407,スリリングチェイス,亀田,Senko,2,4,12,4+,false,false,12,longshot,27.8,27.8,53.8,false,false,15,44.4,2,0.02,50,0.1,18,18,0.263,0.406,19.8,0.288,0.404,0.291,0.045,0,0.4,0.406,0.02,1412.7,806,,0.282,,0.263,52.6,false,false,false,false,false,none
202609020410,2026-04-05,心斎橋Ｓ(3勝クラス),hanshin-turf-1400-202609020410,阪神,hanshin,Turf,1400,OTHER,10,special,true,false,false,18,5,2019107016,ウナギノボリ,鮫島駿,Oikomi,3,5,5,4+,false,false,13,longshot,40.9,40.9,18.9,false,false,9,65.9,2,0.02,50,-3.3,8,8,0.367,0.517,7.6,0.381,0.584,0.395,0.119,0,0.728,0.449,0.052910052910052914,694.2,394,,0.189,,0.083,31.1,false,false,false,false,false,none
202609020410,2026-04-05,心斎橋Ｓ(3勝クラス),hanshin-turf-1400-202609020410,阪神,hanshin,Turf,1400,OTHER,10,special,true,false,false,18,6,2022104053,ミトノオルフェ,ルメー,Senko,3,6,1,1,true,true,2,top3,4.1,4.1,6.3,true,false,5,82.6,3.6,0.036000000000000004,27.8,-12.3,3,4,0.435,0.618,3.2,0.506,0.618,0.564,0.357,0,0.701,0.322,0.15873015873015872,273.8,198.2,,0.064,,0.049,14.4,false,false,false,false,false,none
202609020410,2026-04-05,心斎橋Ｓ(3勝クラス),hanshin-turf-1400-202609020410,阪神,hanshin,Turf,1400,OTHER,10,special,true,false,false,18,7,2020105354,サクセスアイ,池添,Senko,4,7,8,4+,false,false,8,longshot,18.1,18.1,23.5,false,false,13,71.1,2,0.02,50,-2.3,9,11,0.364,0.511,9.2,0.373,0.547,0.388,0.096,0,0.612,0.511,0.0425531914893617,856.2,471.4,,0.197,,0.12,25.9,false,false,false,false,false,none
202609020410,2026-04-05,心斎橋Ｓ(3勝クラス),hanshin-turf-1400-202609020410,阪神,hanshin,Turf,1400,OTHER,10,special,true,false,false,18,8,2020103280,エマヌエーレ,幸,Sashi,4,8,4,4+,false,false,4,mid,15.9,15.9,16.1,false,false,2,89,20,0.2,5,13.8,5,2,0.441,0.591,6.6,0.447,0.652,0.505,0.14,0,0.797,0.476,0.06211180124223602,710.5,392.1,,0.123,,0.015,8,false,false,false,false,false,none
202609020410,2026-04-05,心斎橋Ｓ(3勝クラス),hanshin-turf-1400-202609020410,阪神,hanshin,Turf,1400,OTHER,10,special,true,false,false,18,9,2022103754,ミストレス,古川奈,Sashi,5,9,17,4+,false,false,14,longshot,61,61,22.4,false,false,12,64.4,2,0.02,50,-2.5,12,12,0.348,0.496,8.8,0.36,0.545,0.359,0.1,0,0.64,0.486,0.044642857142857144,779.2,438.5,,0.21,,0.122,32.6,false,false,false,false,false,none
202609020410,2026-04-05,心斎橋Ｓ(3勝クラス),hanshin-turf-1400-202609020410,阪神,hanshin,Turf,1400,OTHER,10,special,true,false,false,18,10,2019103898,スーサンアッシャー,城戸,Nige,5,10,7,4+,false,false,16,longshot,114.2,114.2,71.7,false,false,17,54.6,2,0.02,50,0.6,17,17,0.273,0.417,26.1,0.295,0.411,0.295,0.045,0,0.4,0.417,0.02,1958.9,1087,,0.275,,0.256,42.4,false,false,false,false,false,none
202609020410,2026-04-05,心斎橋Ｓ(3勝クラス),hanshin-turf-1400-202609020410,阪神,hanshin,Turf,1400,OTHER,10,special,true,false,false,18,11,2018106663,エアミアーニ,西塚,Senko,6,11,10,4+,false,false,15,longshot,77.1,77.1,50.2,false,false,14,56.3,2,0.02,50,0,14,14,0.308,0.449,18.6,0.316,0.432,0.308,0.045,0,0.4,0.449,0.02,1545.4,834.6,,0.254,,0.235,40.7,false,false,false,false,false,none
202609020410,2026-04-05,心斎橋Ｓ(3勝クラス),hanshin-turf-1400-202609020410,阪神,hanshin,Turf,1400,OTHER,10,special,true,false,false,18,12,2018103926,ショウナンラスボス,田口,Sashi,6,12,13,4+,false,false,18,longshot,144.5,144.5,72.4,false,false,18,50.9,2,0.02,50,0.6,16,16,0.288,0.431,26.3,0.304,0.42,0.301,0.045,0,0.4,0.431,0.02,2085.2,1134.2,,0.266,,0.247,46.1,false,false,false,false,false,none
202609020410,2026-04-05,心斎橋Ｓ(3勝クラス),hanshin-turf-1400-202609020410,阪神,hanshin,Turf,1400,OTHER,10,special,true,false,false,18,13,2021101412,スカイハイ,吉村,Senko,7,13,3,2-3,false,true,3,top3,6,6,5.7,true,false,1,97,25.5,0.255,3.9,8,2,3,0.482,0.669,3,0.553,0.65,0.629,0.395,0,0.717,0.312,0.17543859649122806,274.7,200.4,,0.017,0.017,0.017,0,true,false,true,false,true,opponent
202609020410,2026-04-05,心斎橋Ｓ(3勝クラス),hanshin-turf-1400-202609020410,阪神,hanshin,Turf,1400,OTHER,10,special,true,false,false,18,14,2022103262,メイショウツヨキ,武豊,Sashi,7,14,18,4+,false,false,6,mid,16.6,16.6,15,false,false,7,68.1,2,0.02,50,-4.7,7,6,0.363,0.518,6.3,0.408,0.612,0.5,0.15,0,0.825,0.385,0.06666666666666667,544.9,324,,0.162,,0.055,28.9,false,false,false,false,false,none
202609020410,2026-04-05,心斎橋Ｓ(3勝クラス),hanshin-turf-1400-202609020410,阪神,hanshin,Turf,1400,OTHER,10,special,true,false,false,18,15,2021100143,メルトユアハート,松若,Senko,7,15,9,4+,false,false,9,longshot,22.6,22.6,21.6,false,false,11,48.2,2,0.02,50,-2.6,13,13,0.293,0.445,8.6,0.323,0.518,0.314,0.104,0,0.66,0.421,0.046296296296296294,633,380.6,,0.247,,0.149,48.8,false,false,false,false,false,none
202609020410,2026-04-05,心斎橋Ｓ(3勝クラス),hanshin-turf-1400-202609020410,阪神,hanshin,Turf,1400,OTHER,10,special,true,false,false,18,16,2022103042,フォルテム,吉田隼,Oikomi,8,16,15,4+,false,false,11,longshot,24.8,24.8,21.4,false,false,10,64.3,2,0.02,50,-2.7,11,10,0.355,0.504,8.5,0.366,0.557,0.366,0.105,0,0.665,0.477,0.04672897196261683,759.8,427.6,,0.204,,0.11,32.7,false,false,false,false,false,none
202609020410,2026-04-05,心斎橋Ｓ(3勝クラス),hanshin-turf-1400-202609020410,阪神,hanshin,Turf,1400,OTHER,10,special,true,false,false,18,17,2018105996,サムハンター,富田,Nige,8,17,14,4+,false,false,17,longshot,130.3,130.3,65.4,false,false,16,53.2,2,0.02,50,0.5,15,15,0.298,0.441,23.9,0.31,0.426,0.305,0.045,0,0.4,0.441,0.02,1951.8,1052.4,,0.26,,0.241,43.8,false,false,false,false,false,none
202609020410,2026-04-05,心斎橋Ｓ(3勝クラス),hanshin-turf-1400-202609020410,阪神,hanshin,Turf,1400,OTHER,10,special,true,false,false,18,18,2021105771,ミルテンベルク,西村淳,Oikomi,8,18,11,4+,false,false,5,mid,16,16,14.8,false,false,3,88.7,14.8,0.14800000000000002,6.8,8,4,1,0.449,0.6,6.2,0.454,0.667,0.503,0.152,0,0.83,0.463,0.06756756756756756,664.4,370.9,,0.116,0.015,0,8.3,false,false,false,true,true,wide
202609020411,2026-04-05,大阪杯,hanshin-turf-2000-202609020411,阪神,hanshin,Turf,2000,G1,11,special,true,false,false,15,1,2019101422,サンストックトン,高杉,Senko,1,1,12,4+,false,false,15,longshot,336.7,336.7,189.7,false,false,15,66.3,2.4,0.024,41.7,1.9,13,13,0.316,0.457,67.4,0.321,0.437,0.317,0.045,0,0.4,0.457,0.02,5989.6,3079.6,,0.324,,0.298,32.7,false,false,false,false,false,none
202609020411,2026-04-05,大阪杯,hanshin-turf-2000-202609020411,阪神,hanshin,Turf,2000,G1,11,special,true,false,false,15,2,2019102879,マテンロウレオ,横山典,Sashi,2,2,11,4+,false,false,10,longshot,66.7,66.7,57.4,false,false,5,89.3,4.7,0.047,21.3,3,10,10,0.398,0.535,21.1,0.4,0.488,0.496,0.045,0,0.4,0.535,0.02,2286.1,1129.1,,0.245,,0.247,9.7,false,false,false,false,false,none
202609020411,2026-04-05,大阪杯,hanshin-turf-2000-202609020411,阪神,hanshin,Turf,2000,G1,11,special,true,false,false,15,3,2019102632,セイウンハーデス,幸,Oikomi,2,3,5,4+,false,false,9,longshot,64.9,64.9,47.1,false,false,12,71.7,2.4,0.024,41.7,0.3,11,11,0.371,0.51,17.5,0.357,0.471,0.346,0.048,0,0.4,0.51,0.021231422505307854,1747.8,891.7,,0.288,,0.264,27.3,false,false,false,false,false,none
202609020411,2026-04-05,大阪杯,hanshin-turf-2000-202609020411,阪神,hanshin,Turf,2000,G1,11,special,true,false,false,15,4,2021105143,ダノンデサイル,坂井,Nige,3,4,3,2-3,false,true,2,top3,3.9,3.9,4.5,true,false,6,98.1,4.6,0.046,21.7,-17.6,2,2,0.509,0.712,2.6,0.596,0.63,0.647,0.5,0,0.595,0.3,0.2222222222222222,229.3,183.3,,0.049,0.05,0.105,0.9,false,false,true,false,true,opponent
202609020411,2026-04-05,大阪杯,hanshin-turf-2000-202609020411,阪神,hanshin,Turf,2000,G1,11,special,true,false,false,15,5,2022104714,ショウヘイ,川田,Senko,3,5,10,4+,false,false,4,mid,6.1,6.1,6.1,false,false,10,86.1,2.4,0.024,41.7,-14,4,3,0.441,0.626,3.1,0.514,0.617,0.571,0.369,0,0.688,0.318,0.1639344262295082,269,196.3,,0.131,,0.118,12.9,false,false,false,false,false,none
202609020411,2026-04-05,大阪杯,hanshin-turf-2000-202609020411,阪神,hanshin,Turf,2000,G1,11,special,true,false,false,15,6,2021103272,メイショウタバル,武豊,Nige,4,6,2,2-3,false,true,3,top3,4.8,4.8,4.5,true,false,9,76.3,2.4,0.024,41.7,-19.8,3,4,0.446,0.651,2.6,0.53,0.557,0.483,0.5,0,0.484,0.3,0.2222222222222222,200.6,167.7,,0.115,,0.178,22.7,false,false,false,false,false,none
202609020411,2026-04-05,大阪杯,hanshin-turf-2000-202609020411,阪神,hanshin,Turf,2000,G1,11,special,true,false,false,15,7,2022105073,エコロディノス,池添,Senko,4,7,15,4+,false,false,6,mid,44.9,44.9,34.9,false,false,7,93.3,3.5,0.035,28.6,0.6,8,9,0.413,0.552,13.2,0.422,0.499,0.543,0.064,0,0.4,0.552,0.02865329512893983,1441.1,729.9,,0.223,,0.236,5.7,false,false,false,false,false,none
202609020411,2026-04-05,大阪杯,hanshin-turf-2000-202609020411,阪神,hanshin,Turf,2000,G1,11,special,true,false,false,15,8,2021101436,エコロヴァルツ,浜中,Sashi,5,8,14,4+,false,false,7,longshot,45.4,45.4,34.4,false,false,2,96.2,19.5,0.195,5.1,16.6,7,7,0.444,0.582,13,0.433,0.518,0.515,0.065,0,0.4,0.582,0.029069767441860465,1527,758.8,,0.212,,0.217,2.8,false,false,false,false,false,none
202609020411,2026-04-05,大阪杯,hanshin-turf-2000-202609020411,阪神,hanshin,Turf,2000,G1,11,special,true,false,false,15,9,2018105012,ヨーホーレイク,西村淳,Senko,5,9,7,4+,false,false,11,longshot,68,68,46.4,false,false,11,69.7,2.4,0.024,41.7,0.2,12,12,0.342,0.483,17.2,0.339,0.454,0.33,0.048,0,0.4,0.483,0.021551724137931036,1589,832.5,,0.306,,0.281,29.3,false,false,false,false,false,none
202609020411,2026-04-05,大阪杯,hanshin-turf-2000-202609020411,阪神,hanshin,Turf,2000,G1,11,special,true,false,false,15,10,2019104909,ボルドグフーシュ,松山,Nige,6,10,9,4+,false,false,14,longshot,162.1,162.1,130.2,false,false,14,58.7,2.4,0.024,41.7,1.6,14,14,0.304,0.446,46.6,0.314,0.43,0.307,0.045,0,0.4,0.446,0.02,3963.1,2077.8,,0.331,,0.305,40.3,false,false,false,false,false,none
202609020411,2026-04-05,大阪杯,hanshin-turf-2000-202609020411,阪神,hanshin,Turf,2000,G1,11,special,true,false,false,15,11,2019104878,デビットバローズ,岩田望,Sashi,6,11,8,4+,false,false,8,longshot,58.9,58.9,42.5,false,false,1,99,32,0.32,3.1,29.6,6,6,0.448,0.584,15.9,0.435,0.52,0.527,0.053,0,0.4,0.584,0.023529411764705882,1904.3,926.9,,0.21,,0.215,0,true,false,false,false,false,none
202609020411,2026-04-05,大阪杯,hanshin-turf-2000-202609020411,阪神,hanshin,Turf,2000,G1,11,special,true,false,false,15,12,2020102078,レーベンスティール,ルメー,Senko,7,12,6,4+,false,false,5,mid,9.9,9.9,8.2,false,false,4,98.7,6.1,0.061,16.4,-6.1,5,1,0.469,0.638,3.9,0.504,0.735,0.56,0.274,0,0.995,0.353,0.12195121951219513,384.6,247,,0.141,0.118,0,0.3,false,false,false,true,true,wide
202609020411,2026-04-05,大阪杯,hanshin-turf-2000-202609020411,阪神,hanshin,Turf,2000,G1,11,special,true,false,false,15,13,2022104218,ファウストラーゼン,岩田康,Senko,7,13,13,4+,false,false,12,longshot,102.1,102.1,57.6,false,false,13,42.7,2.4,0.024,41.7,0.7,15,15,0.251,0.395,21.2,0.281,0.397,0.286,0.045,0,0.4,0.395,0.02,1445.6,836.7,,0.364,,0.338,56.3,false,false,false,false,false,none
202609020411,2026-04-05,大阪杯,hanshin-turf-2000-202609020411,阪神,hanshin,Turf,2000,G1,11,special,true,false,false,15,14,2021106548,タガノデュード,古川吉,Oikomi,8,14,4,4+,false,false,13,longshot,113.2,113.2,66,false,false,3,93.9,10.2,0.102,9.8,8.7,9,8,0.426,0.562,24.1,0.421,0.505,0.527,0.045,0,0.4,0.562,0.02,2813.6,1354.4,,0.224,,0.23,5.1,false,false,false,false,false,none
202609020411,2026-04-05,大阪杯,hanshin-turf-2000-202609020411,阪神,hanshin,Turf,2000,G1,11,special,true,false,false,15,15,2022105102,クロワデュノール,北村友,Sashi,8,15,1,1,true,true,1,top3,2.5,2.5,2.9,true,false,8,84.5,2.6,0.026000000000000002,38.5,-31.9,1,5,0.475,0.722,2,0.645,0.541,0.66,0.776,0,0.325,0.3,0.3448275862068966,137.8,145.5,,0,0.05,0.194,14.5,false,true,false,false,true,honmei
202609020412,2026-04-05,天満橋Ｓ(3勝クラス),hanshin-dirt-1400-202609020412,阪神,hanshin,Dirt,1400,OTHER,12,special_final12,true,true,false,16,1,2020100665,ジャスパーバローズ,吉村,Nige,1,1,11,4+,false,false,15,longshot,126.1,126.1,42.7,false,false,15,47,2.2,0.022000000000000002,45.5,-0.1,16,16,0.278,0.422,15.9,0.3,0.415,0.298,0.053,0,0.4,0.422,0.023419203747072598,1187.2,673.4,,0.266,,0.238,43.3,false,false,false,false,false,none
202609020412,2026-04-05,天満橋Ｓ(3勝クラス),hanshin-dirt-1400-202609020412,阪神,hanshin,Dirt,1400,OTHER,12,special_final12,true,true,false,16,2,2022105696,サヴォンリンナ,北村友,Oikomi,1,2,15,4+,false,false,11,longshot,57.8,57.8,25.5,false,false,14,48.7,2.2,0.022000000000000002,45.5,-1.7,14,13,0.303,0.451,9.9,0.324,0.49,0.315,0.088,0,0.563,0.451,0.0392156862745098,772.3,448.1,,0.242,,0.163,41.6,false,false,false,false,false,none
202609020412,2026-04-05,天満橋Ｓ(3勝クラス),hanshin-dirt-1400-202609020412,阪神,hanshin,Dirt,1400,OTHER,12,special_final12,true,true,false,16,3,2020104332,ルミノメテオール,岩田康,Senko,2,3,16,4+,false,false,13,longshot,74.8,74.8,28.7,false,false,3,81.9,5.7,0.057,17.5,2.2,9,12,0.387,0.529,11,0.382,0.513,0.394,0.078,0,0.482,0.529,0.03484320557491289,1109.5,584.8,,0.184,,0.14,8.4,false,false,false,false,false,none
202609020412,2026-04-05,天満橋Ｓ(3勝クラス),hanshin-dirt-1400-202609020412,阪神,hanshin,Dirt,1400,OTHER,12,special_final12,true,true,false,16,4,2022103684,ゲイルライダー,武豊,Senko,2,4,4,4+,false,false,2,top3,4.5,4.5,7.7,false,false,6,83.7,3.9,0.039,25.6,-9.1,3,1,0.415,0.59,3.7,0.481,0.653,0.564,0.292,0,0.843,0.335,0.12987012987012986,319.9,218,,0.085,0.003,0,6.6,false,false,false,true,true,wide
202609020412,2026-04-05,天満橋Ｓ(3勝クラス),hanshin-dirt-1400-202609020412,阪神,hanshin,Dirt,1400,OTHER,12,special_final12,true,true,false,16,5,2022106920,ニューオーリンズ,和田陽,Senko,3,5,2,2-3,false,true,1,top3,3.6,3.6,7.5,true,false,8,81.2,2.7,0.027000000000000003,37,-10.6,4,5,0.409,0.585,3.6,0.479,0.635,0.558,0.3,0,0.802,0.327,0.13333333333333333,306.9,212.2,,0.087,,0.018,9.1,false,false,false,false,false,none
202609020412,2026-04-05,天満橋Ｓ(3勝クラス),hanshin-dirt-1400-202609020412,阪神,hanshin,Dirt,1400,OTHER,12,special_final12,true,true,false,16,6,2020102468,トーセンサウダージ,古川吉,Oikomi,3,6,12,4+,false,false,16,longshot,147.6,147.6,58.4,false,false,16,55.3,2.2,0.022000000000000002,45.5,0.5,15,15,0.301,0.443,21.4,0.315,0.428,0.323,0.045,0,0.4,0.443,0.02,1755.4,948.8,,0.251,,0.225,35,false,false,false,false,false,none
202609020412,2026-04-05,天満橋Ｓ(3勝クラス),hanshin-dirt-1400-202609020412,阪神,hanshin,Dirt,1400,OTHER,12,special_final12,true,true,false,16,7,2020105539,タガノシャーンス,幸,Nige,4,7,14,4+,false,false,9,longshot,38.7,38.7,19,false,false,11,65.1,2.3,0.023,43.5,-3,12,8,0.344,0.495,7.7,0.357,0.569,0.336,0.118,0,0.725,0.428,0.05263157894736842,652.9,378.6,,0.209,,0.084,25.2,false,false,false,false,false,none
202609020412,2026-04-05,天満橋Ｓ(3勝クラス),hanshin-dirt-1400-202609020412,阪神,hanshin,Dirt,1400,OTHER,12,special_final12,true,true,false,16,8,2020101808,ハワイアンタイム,太宰,Nige,4,8,3,2-3,false,true,14,longshot,76.9,76.9,18.4,false,true,13,45,2.2,0.022000000000000002,45.5,-3.2,13,10,0.292,0.446,7.4,0.331,0.541,0.334,0.122,0,0.74,0.37,0.05434782608695653,537,332,,0.235,,0.112,45.3,false,false,false,false,false,none
202609020412,2026-04-05,天満橋Ｓ(3勝クラス),hanshin-dirt-1400-202609020412,阪神,hanshin,Dirt,1400,OTHER,12,special_final12,true,true,false,16,9,2021105598,ダノンスウィッチ,坂井,Sashi,5,9,13,4+,false,false,6,mid,11.6,11.6,13.6,false,false,10,65.8,2.3,0.023,43.5,-5.1,7,6,0.379,0.535,5.8,0.397,0.633,0.388,0.165,0,0.86,0.379,0.07352941176470588,514.8,308.3,,0.169,,0.02,24.5,false,false,false,false,false,none
202609020412,2026-04-05,天満橋Ｓ(3勝クラス),hanshin-dirt-1400-202609020412,阪神,hanshin,Dirt,1400,OTHER,12,special_final12,true,true,false,16,10,2018101989,ジョディーズマロン,横山典,Senko,5,10,6,4+,false,false,12,longshot,58.4,58.4,31.6,false,false,7,79.1,2.9,0.028999999999999998,34.5,-0.3,10,14,0.375,0.518,12.1,0.382,0.48,0.431,0.071,0,0.41,0.518,0.03164556962025316,1186.1,624.3,,0.184,,0.173,11.2,false,false,false,false,false,none
202609020412,2026-04-05,天満橋Ｓ(3勝クラス),hanshin-dirt-1400-202609020412,阪神,hanshin,Dirt,1400,OTHER,12,special_final12,true,true,false,16,11,2020110120,ガンウルフ,高杉,Senko,6,11,10,4+,false,false,8,longshot,28.1,28.1,23.1,false,false,12,71,2.3,0.023,43.5,-2,11,11,0.35,0.498,9.1,0.367,0.541,0.393,0.097,0,0.622,0.498,0.04329004329004329,809,452.3,,0.199,,0.112,19.3,false,false,false,false,false,none
202609020412,2026-04-05,天満橋Ｓ(3勝クラス),hanshin-dirt-1400-202609020412,阪神,hanshin,Dirt,1400,OTHER,12,special_final12,true,true,false,16,12,2020104893,セミマル,西村淳,Nige,6,12,5,4+,false,false,5,mid,11,11,14.4,false,false,5,84.5,4.1,0.040999999999999995,24.4,-2.8,6,4,0.401,0.555,6,0.431,0.64,0.511,0.156,0,0.84,0.412,0.06944444444444445,576.9,335.2,,0.135,,0.013,5.8,false,false,false,false,false,none
202609020412,2026-04-05,天満橋Ｓ(3勝クラス),hanshin-dirt-1400-202609020412,阪神,hanshin,Dirt,1400,OTHER,12,special_final12,true,true,false,16,13,2021106757,リネアグローリア,岩田望,Senko,7,13,7,4+,false,false,10,longshot,43.2,43.2,13.4,false,false,9,72.4,2.3,0.023,43.5,-5.2,8,7,0.37,0.528,5.7,0.396,0.63,0.404,0.168,0,0.865,0.368,0.07462686567164178,496,300.3,,0.17,,0.023,17.9,false,false,false,false,false,none
202609020412,2026-04-05,天満橋Ｓ(3勝クラス),hanshin-dirt-1400-202609020412,阪神,hanshin,Dirt,1400,OTHER,12,special_final12,true,true,false,16,14,2022110077,イリフィ,ルメー,Senko,7,14,8,4+,false,false,7,longshot,12.6,12.6,14.8,false,false,2,93.2,20.9,0.209,4.8,14.1,5,2,0.422,0.575,6.2,0.447,0.65,0.543,0.152,0,0.83,0.438,0.06756756756756756,624.7,355.1,,0.119,,0.003,-2.9,false,false,false,false,false,none
202609020412,2026-04-05,天満橋Ｓ(3勝クラス),hanshin-dirt-1400-202609020412,阪神,hanshin,Dirt,1400,OTHER,12,special_final12,true,true,false,16,15,2022104398,タマモティーカップ,永島,Sashi,8,15,9,4+,false,false,3,top3,4.8,4.8,5.6,false,false,1,90.3,37.6,0.376,2.7,19.7,2,3,0.48,0.668,3,0.555,0.643,0.636,0.402,0,0.699,0.31,0.17857142857142858,268.8,197.9,,0.011,0.011,0.01,0,true,false,true,false,true,opponent
202609020412,2026-04-05,天満橋Ｓ(3勝クラス),hanshin-dirt-1400-202609020412,阪神,hanshin,Dirt,1400,OTHER,12,special_final12,true,true,false,16,16,2022101543,ルークススペイ,川田,Nige,8,16,1,1,true,true,4,mid,7.5,7.5,4.3,false,false,4,86,4.2,0.042,23.8,-19.1,1,9,0.454,0.663,2.5,0.566,0.56,0.615,0.523,0,0.472,0.3,0.23255813953488372,195.3,166.1,,0,0.011,0.093,4.3,false,true,false,false,true,honmei
